2002-03-18 14:15:02.561000,5.625,0.0,0.0,0.0,0.0,0.0,0.0,0.0,0.0,0.0,648.2743825604839,1849.7318548387098,2483.9475806451615,1876.190398185484,0.0,0.0,0.0
2002-03-18 14:15:10.555000,16.875,0.0,0.0,714.0751008064516,892.5936239919355,892.5936239919355,1417.9557711693549,1083.7056451612902,985.1868699596774,1577.1509576612902,1302.3263608870968,1183.9351058467741,1220.9308215725807,0.0,0.0,0.0,0.0
2002-03-18 14:15:18.549000,28.125,0.0,0.0,0.0,0.0,0.0,0.0,0.0,0.0,0.0,0.0,0.0,0.0,0.0,0.0,0.0,0.0
2002-03-18 14:15:26.542000,39.375,0.0,0.0,0.0,0.0,0.0,0.0,0.0,0.0,0.0,0.0,0.0,0.0,1218.183089717742,1461.8170362903227,812.1221018145161,0.0
2002-03-18 14:15:34.537000,50.625,0.0,0.0,0.0,1223.9047379032259,1223.9047379032259,890.1139112903226,1415.808341733871,1287.098160282258,1287.098160282258,1415.808341733871,0.0,0.0,0.0,1953.491935483871,3255.8205645161293,3255.8205645161293
2002-03-18 14:15:42.530000,61.875,0.0,0.0,0.0,0.0,0.0,0.0,0.0,0.0,0.0,0.0,0.0,0.0,0.0,0.0,0.0,0.0
2002-03-18 14:15:50.524000,73.125,0.0,0.0,0.0,0.0,0.0,0.0,0.0,0.0,0.0,0.0,0.0,0.0,0.0,0.0,0.0,0.0
2002-03-18 14:15:58.518000,84.375,0.0,0.0,0.0,0.0,0.0,0.0,0.0,0.0,0.0,0.0,0.0,617.243636592742,1234.4871471774193,1975.1793094758063,1645.9823588709678,0.0
2002-03-18 14:16:06.511000,95.625,0.0,0.0,0.0,0.0,1005.4654737903226,1005.4654737903226,1072.4959677419354,1005.4654737903226,0.0,0.0,0.0,0.0,0.0,0.0,0.0,0.0
2002-03-18 14:16:14.506000,106.875,0.0,0.0,0.0,0.0,0.0,0.0,0.0,0.0,0.0,0.0,0.0,0.0,0.0,0.0,0.0,0.0
2002-03-18 14:16:22.499000,118.125,0.0,0.0,0.0,0.0,0.0,0.0,0.0,0.0,0.0,0.0,1013.2398563508065,1350.9857610887098,1350.9857610887098,0.0,0.0,0.0
2002-03-18 14:16:30.493000,129.375,0.0,0.0,0.0,0.0,0.0,0.0,1370.136466733871,1327.320060483871,1327.320060483871,1370.136466733871,0.0,0.0,0.0,0.0,0.0,0.0
2002-03-18 14:16:38.486000,140.625,0.0,0.0,0.0,0.0,0.0,1903.6790574596773,1965.0887096774193,1903.6790574596773,1903.6790574596773,0.0,0.0,0.0,0.0,0.0,0.0,0.0
2002-03-18 14:16:46.480000,151.875,2498.3571068548385,2498.3571068548385,788.9543850806451,0.0,0.0,892.5936239919355,921.3872857862904,892.5936239919355,0.0,0.0,0.0,0.0,0.0,0.0,0.0,0.0
2002-03-18 14:16:54.474000,163.125,0.0,0.0,0.0,0.0,0.0,0.0,0.0,0.0,0.0,0.0,0.0,0.0,0.0,0.0,0.0,0.0
2002-03-18 14:17:02.468000,174.375,0.0,0.0,0.0,0.0,0.0,0.0,0.0,0.0,0.0,0.0,0.0,0.0,0.0,0.0,0.0,0.0
2002-03-18 14:17:10.462000,nan,0.0,0.0,0.0,0.0,0.0,0.0,0.0,0.0,0.0,0.0,0.0,0.0,0.0,0.0,0.0,0.0
2002-03-18 14:17:18.455000,nan,0.0,0.0,0.0,0.0,0.0,0.0,0.0,0.0,0.0,0.0,0.0,0.0,0.0,0.0,0.0,0.0
2002-03-18 14:17:26.434000,nan,0.0,0.0,0.0,0.0,0.0,0.0,0.0,0.0,0.0,0.0,0.0,0.0,0.0,0.0,0.0,0.0
2002-03-18 14:17:34.427000,nan,0.0,0.0,0.0,0.0,0.0,0.0,0.0,0.0,0.0,0.0,634.2152217741935,1229.9948336693549,1268.4309475806451,0.0,0.0,0.0
2002-03-18 14:17:42.421000,nan,0.0,0.0,0.0,432.63233996975805,839.0456149193549,865.2660030241935,446.5881741431452,0.0,0.0,0.0,0.0,0.0,0.0,0.0,0.0,0.0
2002-03-18 14:17:50.415000,nan,0.0,0.0,0.0,0.0,0.0,0.0,0.0,0.0,0.0,0.0,0.0,0.0,0.0,0.0,0.0,0.0
2002-03-18 14:17:58.408000,nan,0.0,0.0,0.0,1164.2842741935483,1129.004914314516,582.1444682459677,0.0,0.0,0.0,0.0,0.0,0.0,0.0,0.0,0.0,0.0
2002-03-18 14:18:06.402000,nan,0.0,0.0,0.0,0.0,0.0,0.0,0.0,0.0,0.0,0.0,0.0,0.0,0.0,0.0,0.0,0.0
2002-03-18 14:18:14.396000,nan,0.0,0.0,0.0,0.0,0.0,0.0,0.0,985.1868699596774,985.1868699596774,1048.7474798387098,0.0,0.0,0.0,0.0,0.0,0.0
2002-03-18 14:18:22.389000,nan,0.0,0.0,0.0,0.0,0.0,0.0,0.0,0.0,0.0,0.0,0.0,0.0,0.0,0.0,0.0,0.0
2002-03-18 14:18:30.383000,nan,0.0,0.0,0.0,0.0,0.0,852.8538936491935,880.365234375,827.0099546370968,0.0,0.0,0.0,0.0,0.0,0.0,0.0,0.0
2002-03-18 14:18:38.378000,nan,0.0,0.0,3084.7986391129034,3151.9034778225805,3056.3956653225805,917.9305065524194,0.0,0.0,0.0,0.0,610.4664818548387,1183.9351058467741,1220.9308215725807,976.7459677419355,0.0,0.0
2002-03-18 14:18:46.371000,nan,0.0,0.0,0.0,0.0,0.0,0.0,0.0,963.0963961693549,963.0963961693549,1025.2330519153227,0.0,0.0,0.0,0.0,0.0,0.0
2002-03-18 14:18:54.364000,nan,4760.501512096775,2380.2507560483873,680.0719506048387,894.7346900201613,1735.241683467742,1789.4672379032259,923.596207157258,0.0,0.0,0.0,0.0,0.0,0.0,0.0,0.0,0.0
2002-03-18 14:19:02.359000,nan,0.0,0.0,680.0719506048387,892.5936239919355,865.5453629032259,446.29649697580646,0.0,0.0,0.0,0.0,0.0,0.0,0.0,0.0,0.0,0.0
2002-03-18 14:19:10.352000,nan,0.0,0.0,1625.561491935484,1015.9741683467741,1850.7366431451612,892.5936239919355,921.3872857862904,432.77327998991933,0.0,0.0,0.0,0.0,0.0,0.0,0.0,0.0
2002-03-18 14:19:18.345000,nan,0.0,0.0,0.0,0.0,0.0,0.0,0.0,0.0,0.0,0.0,0.0,0.0,0.0,0.0,0.0,0.0
2002-03-18 14:19:26.340000,nan,0.0,4140.732106854839,2932.108366935484,2112.3584929435483,963.0963961693549,865.2660030241935,893.1773563508065,839.0456149193549,0.0,0.0,0.0,0.0,0.0,0.0,0.0,0.0
2002-03-18 14:19:34.333000,nan,0.0,0.0,0.0,0.0,0.0,0.0,0.0,0.0,1363.5559475806451,1451.5255796370968,1406.1673387096773,0.0,0.0,0.0,0.0,0.0
2002-03-18 14:19:42.327000,nan,0.0,0.0,1608.7449596774193,2021.4396421370968,1960.183845766129,1015.9741683467741,1048.7474798387098,0.0,0.0,0.0,1864.9586693548388,2411.2626008064517,2486.6139112903224,0.0,0.0,0.0
2002-03-18 14:19:50.321000,nan,0.0,0.0,0.0,0.0,0.0,0.0,0.0,0.0,0.0,0.0,0.0,0.0,0.0,0.0,0.0,0.0
2002-03-18 14:19:58.314000,nan,0.0,0.0,0.0,0.0,0.0,971.0689894153226,1002.3926411290323,941.6394909274194,0.0,0.0,0.0,0.0,0.0,0.0,0.0,0.0
2002-03-18 14:20:06.292000,nan,2380.2507560483873,2380.2507560483873,1360.1430191532259,0.0,0.0,971.0689894153226,1002.3926411290323,941.6394909274194,1768.6063508064517,2510.5025201612902,2432.048891129032,2367.4571572580644,1234.4871471774193,1881.1194556451612,1645.9823588709678,0.0
2002-03-18 14:20:14.287000,nan,0.0,0.0,0.0,0.0,0.0,0.0,0.0,0.0,0.0,0.0,0.0,0.0,0.0,0.0,0.0,0.0
2002-03-18 14:20:22.280000,nan,0.0,0.0,0.0,0.0,0.0,0.0,0.0,0.0,0.0,0.0,0.0,0.0,0.0,0.0,0.0,0.0
2002-03-18 14:20:30.273000,nan,0.0,0.0,0.0,0.0,839.0456149193549,865.2660030241935,893.1773563508065,419.52227192540323,0.0,0.0,0.0,0.0,0.0,0.0,0.0,0.0
2002-03-18 14:20:38.268000,nan,0.0,0.0,0.0,0.0,0.0,0.0,0.0,0.0,0.0,0.0,617.243636592742,1197.0782510080646,1234.4871471774193,940.5614919354839,0.0,0.0
2002-03-18 14:20:46.261000,nan,0.0,0.0,0.0,0.0,0.0,0.0,0.0,0.0,0.0,0.0,0.0,0.0,0.0,0.0,0.0,0.0
2002-03-18 14:20:54.255000,nan,0.0,0.0,0.0,0.0,0.0,0.0,1522.583039314516,1430.3077116935483,1430.3077116935483,0.0,0.0,0.0,0.0,0.0,0.0,0.0
2002-03-18 14:21:02.249000,nan,0.0,0.0,0.0,1223.9047379032259,1186.8203125,917.9305065524194,0.0,0.0,0.0,0.0,0.0,0.0,0.0,0.0,0.0,0.0
2002-03-18 14:21:10.243000,nan,0.0,0.0,0.0,0.0,3062.4410282258063,3158.139616935484,4297.982358870968,3549.6691028225805,4313.983366935484,3554.322328629032,5560.410282258064,3266.538054435484,2751.3724798387098,2259.7200100806454,0.0,0.0
2002-03-18 14:21:18.237000,nan,0.0,1552.3805443548388,1330.6113911290322,1164.2842741935483,0.0,0.0,0.0,0.0,0.0,0.0,0.0,0.0,0.0,0.0,0.0,0.0
2002-03-18 14:21:26.230000,nan,0.0,0.0,0.0,0.0,0.0,0.0,0.0,0.0,0.0,0.0,1013.2398563508065,1310.047631048387,1350.9857610887098,0.0,0.0,0.0
2002-03-18 14:21:34.224000,nan,0.0,0.0,0.0,0.0,0.0,0.0,0.0,0.0,0.0,0.0,0.0,0.0,0.0,0.0,0.0,0.0
2002-03-18 14:21:42.217000,nan,0.0,0.0,0.0,0.0,0.0,0.0,1025.2330519153227,963.0963961693549,963.0963961693549,0.0,0.0,0.0,0.0,0.0,0.0,0.0
2002-03-18 14:21:50.212000,nan,0.0,0.0,0.0,0.0,0.0,0.0,0.0,0.0,0.0,0.0,0.0,0.0,1350.9857610887098,1621.1834677419354,900.6580141129032,0.0
2002-03-18 14:21:58.205000,nan,0.0,0.0,0.0,0.0,0.0,0.0,0.0,0.0,1178.781754032258,1254.831527217742,1215.6180695564517,589.390625,0.0,0.0,0.0,0.0
2002-03-18 14:22:06.199000,nan,0.0,0.0,0.0,0.0,0.0,936.8826864919355,967.1051537298387,908.4929435483871,0.0,0.0,0.0,0.0,0.0,0.0,0.0,0.0
2002-03-18 14:22:14.193000,nan,0.0,0.0,0.0,0.0,0.0,0.0,0.0,0.0,0.0,2338.6305443548385,2265.5504032258063,2196.892137096774,3533.9722782258063,1522.1110131048388,1691.2368951612902,0.0
2002-03-18 14:22:22.186000,nan,0.0,815.938004032258,1468.687752016129,1223.9047379032259,0.0,0.0,0.0,0.0,0.0,0.0,0.0,0.0,0.0,0.0,0.0,0.0
2002-03-18 14:22:30.181000,nan,0.0,0.0,0.0,0.0,0.0,0.0,1451.5255796370968,1363.5559475806451,1363.5559475806451,0.0,0.0,0.0,0.0,0.0,0.0,0.0
2002-03-18 14:22:38.174000,nan,0.0,0.0,0.0,0.0,0.0,0.0,0.0,0.0,0.0,0.0,675.4939516129032,1310.047631048387,1350.9857610887098,0.0,0.0,0.0
2002-03-18 14:22:46.167000,nan,0.0,0.0,0.0,0.0,0.0,993.1931703629032,1025.2330519153227,963.0963961693549,0.0,0.0,1225.1391129032259,2376.0257056451615,2450.2782258064517,1866.8780241935483,0.0,0.0
2002-03-18 14:22:54.162000,nan,0.0,0.0,0.0,0.0,0.0,0.0,0.0,1417.007056451613,3297.0194052419356,3509.728074596774,3400.0529233870966,1880.0123487903227,0.0,0.0,0.0,0.0
2002-03-18 14:23:02.140000,nan,0.0,0.0,0.0,0.0,0.0,0.0,0.0,0.0,0.0,0.0,0.0,0.0,1174.7253024193549,1342.5418346774193,783.1513986895161,0.0
2002-03-18 14:23:10.133000,nan,0.0,0.0,0.0,0.0,0.0,0.0,0.0,0.0,0.0,0.0,634.2152217741935,1229.9948336693549,1268.4309475806451,0.0,0.0,0.0
2002-03-18 14:23:18.127000,nan,0.0,0.0,0.0,0.0,0.0,0.0,0.0,0.0,0.0,0.0,0.0,0.0,0.0,0.0,0.0,0.0
2002-03-18 14:23:26.121000,nan,0.0,0.0,0.0,0.0,829.136214717742,855.0437247983871,882.625504032258,414.56735131048384,0.0,1451.5255796370968,1406.1673387096773,1363.5559475806451,1406.1673387096773,0.0,0.0,0.0
2002-03-18 14:23:34.114000,nan,0.0,0.0,0.0,432.63233996975805,839.0456149193549,865.2660030241935,446.5881741431452,0.0,0.0,0.0,0.0,0.0,0.0,0.0,0.0,0.0
2002-03-18 14:23:42.109000,nan,0.0,0.0,0.0,0.0,0.0,0.0,0.0,0.0,2153.15625,2292.069808467742,2220.4412802419356,2153.15625,0.0,0.0,0.0,0.0
2002-03-18 14:23:50.102000,nan,2998.0211693548385,2498.3571068548385,1427.6310483870968,0.0,0.0,0.0,0.0,0.0,0.0,630.1586441532259,1220.9308215725807,1183.9351058467741,610.4664818548387,0.0,0.0,0.0
2002-03-18 14:23:58.096000,nan,0.0,0.0,0.0,0.0,0.0,0.0,0.0,0.0,1179.4856350806451,1255.582535282258,1216.3450100806451,589.7415574596774,0.0,0.0,0.0,0.0
2002-03-18 14:24:06.090000,nan,0.0,0.0,0.0,0.0,0.0,0.0,0.0,974.9969758064516,974.9969758064516,1037.8996975806451,0.0,0.0,0.0,0.0,0.0,0.0
2002-03-18 14:24:14.083000,nan,0.0,0.0,0.0,0.0,826.7488659274194,3135.2638608870966,3236.3996975806454,2626.8815524193546,2213.5078125,0.0,0.0,0.0,0.0,0.0,0.0,0.0
2002-03-18 14:24:22.077000,nan,0.0,0.0,0.0,0.0,0.0,1894.8868447580646,1956.0090725806451,1837.4667338709678,1837.4667338709678,0.0,0.0,0.0,0.0,0.0,0.0,0.0
2002-03-18 14:24:30.071000,nan,0.0,0.0,0.0,0.0,0.0,852.584488407258,880.0871975806451,826.7488659274194,0.0,0.0,0.0,0.0,0.0,0.0,0.0,0.0
2002-03-18 14:24:38.064000,nan,0.0,0.0,0.0,0.0,0.0,0.0,0.0,0.0,0.0,0.0,0.0,0.0,1174.1451612903227,1408.9790826612902,782.765625,0.0
2002-03-18 14:24:46.058000,nan,0.0,794.3629032258065,1429.852318548387,1191.5481350806451,0.0,0.0,0.0,0.0,0.0,0.0,0.0,0.0,0.0,0.0,0.0,0.0
2002-03-18 14:24:54.052000,nan,0.0,0.0,0.0,0.0,0.0,0.0,0.0,0.0,0.0,0.0,0.0,0.0,0.0,0.0,0.0,0.0
2002-03-18 14:25:02.046000,nan,0.0,0.0,0.0,1191.5481350806451,1155.4387600806451,893.6602192540323,0.0,0.0,0.0,0.0,0.0,0.0,0.0,0.0,0.0,0.0
2002-03-18 14:25:10.039000,nan,0.0,0.0,2181.7253024193546,1858.0498991935483,1858.0498991935483,1431.758316532258,0.0,0.0,0.0,0.0,0.0,1406.1673387096773,1406.1673387096773,2142.736391129032,3749.779737903226,0.0
2002-03-18 14:25:18.033000,nan,0.0,0.0,0.0,0.0,0.0,0.0,0.0,0.0,0.0,0.0,0.0,0.0,0.0,0.0,0.0,0.0
2002-03-18 14:25:26.027000,nan,0.0,0.0,0.0,0.0,0.0,0.0,0.0,0.0,0.0,0.0,0.0,0.0,0.0,0.0,0.0,0.0
2002-03-18 14:25:34.020000,nan,0.0,0.0,1532.2409274193549,1005.5320060483871,1005.5320060483871,1005.5320060483871,0.0,0.0,0.0,0.0,0.0,0.0,0.0,0.0,0.0,0.0
2002-03-18 14:25:42.015000,nan,0.0,0.0,0.0,0.0,0.0,0.0,0.0,0.0,0.0,0.0,0.0,0.0,0.0,0.0,0.0,0.0
2002-03-18 14:25:49.992000,nan,0.0,0.0,0.0,0.0,0.0,0.0,0.0,0.0,0.0,0.0,0.0,0.0,0.0,0.0,0.0,0.0
2002-03-18 14:25:57.986000,nan,0.0,0.0,0.0,0.0,0.0,0.0,0.0,0.0,0.0,0.0,0.0,1480.938256048387,1480.938256048387,2256.6696068548385,0.0,0.0
2002-03-18 14:26:05.980000,nan,11829.542338709678,5377.069556451613,2157.3087197580644,983.1011844758065,0.0,0.0,3326.1456653225805,3124.5650201612902,3124.5650201612902,1956.0090725806451,0.0,617.243636592742,2428.8180443548385,3246.0695564516127,868.6025705645161,0.0
2002-03-18 14:26:13.974000,nan,6434.979838709677,2924.9873991935483,4470.039314516129,1927.9987399193549,1927.9987399193549,0.0,0.0,0.0,0.0,0.0,0.0,0.0,0.0,0.0,0.0,0.0
2002-03-18 14:26:21.968000,nan,0.0,0.0,0.0,0.0,0.0,0.0,0.0,0.0,0.0,0.0,0.0,0.0,0.0,0.0,0.0,0.0
2002-03-18 14:26:29.962000,nan,0.0,0.0,0.0,0.0,0.0,0.0,0.0,0.0,0.0,0.0,0.0,0.0,0.0,0.0,0.0,0.0
2002-03-18 14:26:37.955000,nan,0.0,0.0,0.0,0.0,0.0,0.0,0.0,0.0,0.0,0.0,0.0,0.0,0.0,0.0,0.0,0.0
2002-03-18 14:26:45.948000,nan,2998.0211693548385,2725.4793346774195,1427.6310483870968,0.0,0.0,0.0,0.0,0.0,0.0,0.0,0.0,0.0,0.0,0.0,0.0,0.0
2002-03-18 14:26:53.943000,nan,0.0,0.0,0.0,0.0,0.0,0.0,0.0,0.0,0.0,0.0,0.0,0.0,0.0,0.0,0.0,0.0
2002-03-18 14:27:01.936000,nan,0.0,0.0,0.0,0.0,0.0,0.0,0.0,0.0,0.0,0.0,0.0,0.0,0.0,0.0,0.0,0.0
2002-03-18 14:27:09.931000,nan,0.0,0.0,0.0,0.0,0.0,0.0,0.0,0.0,0.0,0.0,0.0,0.0,1350.9857610887098,1543.984375,1965.0682963709678,0.0
2002-03-18 14:27:25.917000,nan,0.0,0.0,0.0,0.0,0.0,0.0,0.0,0.0,0.0,0.0,0.0,0.0,0.0,0.0,0.0,0.0
2002-03-18 14:27:33.912000,nan,0.0,0.0,0.0,0.0,0.0,0.0,0.0,0.0,0.0,0.0,0.0,0.0,0.0,0.0,0.0,0.0
2002-03-18 14:27:41.905000,nan,0.0,0.0,0.0,1223.9047379032259,1223.9047379032259,917.9305065524194,0.0,0.0,0.0,0.0,0.0,0.0,0.0,0.0,0.0,0.0
2002-03-18 14:27:49.899000,nan,0.0,0.0,0.0,1894.8868447580646,1894.8868447580646,1894.8868447580646,1894.8868447580646,0.0,0.0,0.0,0.0,0.0,0.0,0.0,0.0,0.0
2002-03-18 14:28:37.845000,nan,0.0,0.0,0.0,1894.8868447580646,1894.8868447580646,1894.8868447580646,1894.8868447580646,0.0,0.0,0.0,0.0,2824.3873487903224,3432.5589717741937,5230.566532258064,0.0,0.0
2002-03-18 14:28:45.840000,nan,0.0,0.0,0.0,1191.5481350806451,1191.5481350806451,893.6602192540323,0.0,0.0,1216.3450100806451,1216.3450100806451,1216.3450100806451,0.0,0.0,0.0,0.0,0.0
2002-03-18 14:28:53.833000,nan,0.0,0.0,0.0,0.0,0.0,0.0,0.0,0.0,0.0,0.0,0.0,0.0,0.0,0.0,0.0,0.0
2002-03-18 14:29:01.826000,nan,0.0,0.0,0.0,0.0,0.0,0.0,0.0,0.0,0.0,607.8518775201613,1215.7040070564517,1215.7040070564517,607.8518775201613,926.195816532258,3536.3878528225805,7780.065524193548
2002-03-18 14:29:09.821000,nan,0.0,0.0,0.0,426.42694682459677,852.8538936491935,852.8538936491935,440.1831527217742,0.0,0.0,0.0,0.0,0.0,0.0,926.1068548387096,3536.0559475806454,7779.296875
2002-03-18 14:29:17.815000,nan,0.0,0.0,0.0,0.0,0.0,0.0,0.0,0.0,1927.9987399193549,1990.1965725806451,1927.9987399193549,1927.9987399193549,0.0,0.0,0.0,0.0
2002-03-18 14:29:25.808000,nan,0.0,0.0,0.0,0.0,0.0,0.0,0.0,0.0,0.0,0.0,0.0,0.0,0.0,2232.2835181451615,4261.629032258064,9375.586693548386
2002-03-18 14:29:33.802000,nan,0.0,0.0,0.0,0.0,0.0,0.0,0.0,0.0,0.0,0.0,0.0,0.0,0.0,0.0,0.0,0.0
2002-03-18 14:29:41.796000,nan,0.0,1756.692162298387,2760.516129032258,2415.4528729838707,0.0,0.0,0.0,0.0,0.0,0.0,0.0,0.0,1465.3402217741937,2232.8986895161293,4262.806955645161,9378.155241935483
2002-03-18 14:29:49.789000,nan,0.0,0.0,0.0,0.0,0.0,0.0,0.0,0.0,0.0,0.0,0.0,0.0,0.0,0.0,0.0,0.0
2002-03-18 14:29:57.783000,nan,0.0,0.0,0.0,0.0,0.0,0.0,1527.023941532258,2419.8538306451615,2419.8538306451615,1048.9480846774193,0.0,0.0,0.0,0.0,0.0,0.0
2002-03-18 14:30:05.777000,nan,0.0,0.0,0.0,0.0,0.0,0.0,0.0,0.0,1467.418724798387,1514.754662298387,1467.418724798387,1422.9522429435483,0.0,0.0,0.0,0.0
2002-03-18 14:30:13.771000,nan,2736.1433971774195,2280.1204637096776,684.0382434475806,0.0,0.0,0.0,0.0,0.0,0.0,0.0,0.0,0.0,0.0,0.0,0.0,0.0
2002-03-18 14:30:21.765000,nan,0.0,0.0,0.0,0.0,829.4189138104839,855.3375756048387,882.9302545362904,0.0,0.0,0.0,0.0,0.0,0.0,0.0,0.0,0.0
2002-03-18 14:30:29.758000,nan,0.0,0.0,0.0,0.0,0.0,0.0,0.0,993.1931703629032,993.1931703629032,993.1931703629032,0.0,0.0,0.0,0.0,0.0,0.0
2002-03-18 14:30:37.751000,nan,0.0,0.0,1608.851814516129,1005.5320060483871,975.062247983871,1005.5320060483871,0.0,0.0,2265.5504032258063,2265.5504032258063,2265.5504032258063,2196.892137096774,0.0,972.461189516129,3241.5441028225805,7779.706653225807
2002-03-18 14:30:45.746000,nan,0.0,5418.538306451613,3251.124495967742,3959.9495967741937,3839.9506048387098,2933.4632056451615,2933.4632056451615,1005.4654737903226,0.0,0.0,0.0,0.0,0.0,0.0,0.0,0.0
2002-03-18 14:30:53.739000,nan,0.0,0.0,0.0,0.0,0.0,0.0,0.0,0.0,0.0,0.0,0.0,0.0,0.0,0.0,0.0,0.0
2002-03-18 14:31:01.734000,nan,0.0,0.0,0.0,0.0,0.0,0.0,0.0,0.0,0.0,0.0,0.0,0.0,0.0,2344.544858870968,3907.5715725806454,9378.155241935483
2002-03-18 14:31:09.727000,nan,0.0,1136.7777217741937,1364.1348286290322,2129.1275201612902,1651.234375,638.2715473790323,0.0,0.0,0.0,0.0,0.0,0.0,0.0,2345.1018145161293,3908.501512096774,7817.008064516129
2002-03-18 14:31:17.721000,nan,0.0,2709.2648689516127,1625.561491935484,1015.9741683467741,985.1868699596774,0.0,0.0,0.0,0.0,0.0,0.0,0.0,0.0,0.0,0.0,0.0
2002-03-18 14:31:25.699000,nan,0.0,0.0,0.0,0.0,0.0,2274.0559475806454,2347.4138104838707,4041.2767137096776,4041.2767137096776,1954.5928679435483,1893.5123487903227,2205.1461693548385,2274.0559475806454,6624.2807459677415,7149.115927419355,14298.239919354839
2002-03-18 14:31:33.693000,nan,0.0,0.0,1548.4488407258063,1016.1708039314516,3274.939012096774,3274.939012096774,2331.6325604838707,0.0,589.7415574596774,1255.582535282258,1216.3450100806451,1216.3450100806451,0.0,930.2345010080645,3551.804183467742,6511.639112903225
2002-03-18 14:31:41.686000,nan,0.0,0.0,0.0,0.0,0.0,0.0,0.0,0.0,0.0,0.0,2216.2137096774195,3681.905745967742,5148.293346774193,11332.298387096775,23402.600806451614,28604.435483870966
2002-03-18 14:31:49.681000,nan,0.0,0.0,0.0,0.0,0.0,1016.1708039314516,1048.9480846774193,985.3763860887096,985.3763860887096,0.0,0.0,0.0,0.0,0.0,0.0,0.0
2002-03-18 14:31:57.674000,nan,0.0,0.0,0.0,0.0,1005.4654737903226,1005.4654737903226,1037.8996975806451,0.0,0.0,0.0,0.0,0.0,0.0,2778.5282258064517,10608.935483870968,19449.72379032258
2002-03-18 14:32:05.667000,nan,0.0,0.0,0.0,0.0,0.0,0.0,0.0,0.0,0.0,0.0,0.0,0.0,0.0,2778.4440524193546,10608.613911290322,19449.125
2002-03-18 14:32:13.662000,nan,0.0,0.0,0.0,0.0,0.0,0.0,0.0,0.0,0.0,1956.0090725806451,1894.8868447580646,2122.173387096774,1174.4165826612902,4120.732610887097,7926.754032258064,9724.876008064517
2002-03-18 14:32:21.655000,nan,0.0,0.0,0.0,0.0,908.4929435483871,936.8826864919355,967.1051537298387,468.44178427419354,610.4664818548387,1260.315650201613,1220.9308215725807,1183.9351058467741,1174.0055443548388,5972.519657258064,12316.37802419355,12966.20564516129
2002-03-18 14:32:29.649000,nan,0.0,0.0,0.0,0.0,0.0,0.0,0.0,0.0,0.0,0.0,0.0,0.0,0.0,5012.977318548387,11338.368951612903,17545.45564516129
2002-03-18 14:32:37.642000,nan,0.0,0.0,0.0,0.0,0.0,0.0,0.0,0.0,0.0,0.0,0.0,0.0,0.0,3704.5816532258063,10608.717741935483,16207.933467741936
2002-03-18 14:32:45.636000,nan,0.0,0.0,0.0,0.0,0.0,0.0,0.0,0.0,0.0,0.0,0.0,0.0,0.0,6031.947580645161,15600.148185483871,28600.314516129034
2002-03-18 14:32:53.630000,nan,0.0,0.0,0.0,0.0,0.0,0.0,0.0,0.0,0.0,0.0,0.0,0.0,0.0,5557.027217741936,10608.862903225807,9724.791330645161
2002-03-18 14:33:01.624000,nan,5996.042338709677,2998.0211693548385,713.8155241935484,0.0,2196.892137096774,2265.5504032258063,2265.5504032258063,0.0,0.0,0.0,0.0,0.0,0.0,2233.4309475806454,4690.2036290322585,9380.417338709678
2002-03-18 14:33:09.618000,nan,0.0,0.0,0.0,0.0,0.0,0.0,0.0,0.0,0.0,0.0,0.0,0.0,1522.583039314516,9948.060483870968,21885.71370967742,30441.564516129034
2002-03-18 14:33:17.611000,nan,0.0,0.0,0.0,0.0,0.0,0.0,0.0,0.0,0.0,0.0,0.0,0.0,0.0,2131.9112903225805,4690.2036290322585,11725.487903225807
2002-03-18 14:33:25.605000,nan,0.0,0.0,0.0,0.0,0.0,0.0,1894.8868447580646,1894.8868447580646,1894.8868447580646,1894.8868447580646,0.0,0.0,0.0,9205.391129032258,20251.852822580644,31180.395161290322
2002-03-18 14:33:33.599000,nan,0.0,0.0,622.0632560483871,882.9302545362904,829.4189138104839,427.66973286290323,0.0,0.0,0.0,0.0,0.0,0.0,0.0,6033.882560483871,13274.535282258064,28324.326612903227
2002-03-18 14:33:41.592000,nan,0.0,0.0,1419.484375,2270.764112903226,2133.1423891129034,1893.8253528225807,985.3763860887096,1016.1708039314516,1016.1708039314516,0.0,1327.320060483871,1287.098160282258,1370.136466733871,14674.045362903225,28035.449596774193,40913.9879032258
2002-03-18 14:33:49.587000,nan,0.0,0.0,0.0,0.0,0.0,0.0,0.0,0.0,0.0,0.0,0.0,1421.270539314516,4237.811491935484,11586.791330645161,23612.542338709678,28348.586693548386
2002-03-18 14:33:57.580000,nan,3747.5267137096776,4019.2615927419356,2755.3361895161293,1317.7225302419354,309.46563130040323,0.0,0.0,0.0,0.0,0.0,0.0,1707.559349798387,2726.6285282258063,6951.4682459677415,13414.823588709678,9724.84375
2002-03-18 14:34:05.574000,nan,0.0,0.0,0.0,0.0,0.0,0.0,0.0,0.0,0.0,0.0,0.0,0.0,0.0,6031.453125,13269.19052419355,28310.582661290322
2002-03-18 14:34:13.568000,nan,0.0,0.0,0.0,0.0,0.0,0.0,0.0,0.0,0.0,0.0,607.8045614919355,2601.7247983870966,2769.577116935484,6554.720766129032,12475.399193548386,9724.586693548386
2002-03-18 14:34:21.546000,nan,0.0,0.0,0.0,0.0,0.0,0.0,0.0,0.0,0.0,0.0,0.0,284.6416960685484,1212.023689516129,3048.9097782258063,4828.967741935484,4862.068548387097
2002-03-18 14:34:29.539000,nan,0.0,0.0,0.0,0.0,0.0,0.0,0.0,0.0,0.0,0.0,880.5037172379032,1211.873991935484,1211.873991935484,9566.96572580645,21047.3125,38031.61693548387
2002-03-18 14:34:37.534000,nan,0.0,0.0,0.0,0.0,0.0,0.0,0.0,0.0,1215.516633064516,2375.7610887096776,2450.0037802419356,1274.3097278225807,637.1544858870968,7437.386088709677,16362.242943548386,26318.379032258064
2002-03-18 14:34:45.527000,nan,0.0,0.0,2785.7132056451615,1976.9546370967741,1976.9546370967741,1915.1759072580646,0.0,0.0,0.0,0.0,0.0,0.0,1212.1483114919354,7318.037802419355,14220.824596774193,28341.16935483871
2002-03-18 14:34:53.520000,nan,0.0,0.0,0.0,0.0,0.0,0.0,0.0,0.0,0.0,0.0,0.0,0.0,0.0,9930.407258064517,21846.897177419356,44892.4435483871
2002-03-18 14:35:01.515000,nan,0.0,0.0,620.9327116935484,881.323714717742,910.7007938508065,426.89081401209677,1327.320060483871,1327.320060483871,1327.320060483871,0.0,0.0,0.0,0.0,0.0,0.0,0.0
2002-03-18 14:35:09.508000,nan,0.0,0.0,0.0,0.0,0.0,0.0,0.0,0.0,0.0,0.0,0.0,0.0,1512.6111391129032,2131.4022177419356,4689.086693548387,0.0
2002-03-18 14:35:17.501000,nan,3418.6799395161293,2734.9440524193546,1243.1547379032259,0.0,0.0,0.0,0.0,0.0,0.0,0.0,0.0,0.0,0.0,5668.264112903225,12470.179435483871,21450.46572580645
2002-03-18 14:35:25.496000,nan,0.0,0.0,0.0,0.0,0.0,0.0,0.0,0.0,0.0,0.0,0.0,0.0,0.0,3536.3341733870966,7779.925907258064,9724.916330645161
2002-03-18 14:35:33.489000,nan,0.0,0.0,0.0,0.0,0.0,0.0,0.0,0.0,0.0,0.0,0.0,0.0,0.0,1768.194304435484,3890.0257056451615,4862.532258064516
2002-03-18 14:35:41.483000,nan,3747.5267137096776,2998.0211693548385,1362.7384072580646,0.0,0.0,0.0,0.0,0.0,0.0,0.0,0.0,0.0,0.0,1768.1581401209678,3889.9501008064517,4862.445564516129
2002-03-18 14:35:49.477000,nan,0.0,0.0,0.0,1201.842741935484,1241.9029737903227,873.2129536290323,0.0,0.0,0.0,0.0,0.0,0.0,0.0,1768.139616935484,3889.9002016129034,4862.384072580645
2002-03-18 14:35:57.470000,nan,3747.5267137096776,3929.4490927419356,2632.867691532258,1201.842741935484,0.0,0.0,0.0,0.0,0.0,0.0,0.0,0.0,0.0,3899.5599798387098,8579.036290322581,16585.157258064515
2002-03-18 14:36:05.465000,nan,0.0,0.0,0.0,0.0,0.0,0.0,0.0,0.0,0.0,0.0,0.0,0.0,0.0,3900.0695564516127,8580.15322580645,16587.933467741936
2002-03-18 14:36:13.458000,nan,0.0,0.0,0.0,0.0,0.0,0.0,0.0,0.0,0.0,0.0,0.0,671.0865675403226,1255.582535282258,2660.5153729838707,3906.983870967742,4883.732862903225
2002-03-18 14:36:21.452000,nan,0.0,0.0,0.0,0.0,0.0,0.0,0.0,0.0,0.0,0.0,0.0,0.0,0.0,1768.1581401209678,3889.9501008064517,4862.445564516129
2002-03-18 14:36:29.445000,nan,0.0,0.0,0.0,0.0,0.0,0.0,0.0,0.0,0.0,0.0,0.0,0.0,3025.1612903225805,6395.657258064516,14070.439516129032,11731.109879032258
2002-03-18 14:36:37.440000,nan,0.0,0.0,0.0,0.0,0.0,0.0,0.0,0.0,0.0,0.0,0.0,0.0,0.0,7349.748991935484,16169.443548387097,25836.49193548387
2002-03-18 14:36:45.433000,nan,0.0,0.0,0.0,0.0,0.0,0.0,0.0,0.0,0.0,0.0,0.0,0.0,0.0,0.0,0.0,0.0
2002-03-18 14:36:53.427000,nan,0.0,0.0,0.0,0.0,0.0,0.0,0.0,0.0,0.0,0.0,0.0,0.0,0.0,3902.5756048387098,8585.641129032258,16601.738911290322
2002-03-18 14:37:01.421000,nan,0.0,0.0,0.0,0.0,0.0,0.0,0.0,0.0,0.0,0.0,2216.8689516129034,2446.201108870968,3500.529737903226,13720.308467741936,21211.84072580645,31210.229838709678
2002-03-18 14:37:09.399000,nan,0.0,0.0,0.0,0.0,0.0,0.0,0.0,0.0,0.0,0.0,0.0,0.0,2724.9929435483873,12983.16935483871,26684.302419354837,38049.653225806454
2002-03-18 14:37:17.393000,nan,0.0,0.0,0.0,0.0,0.0,0.0,0.0,0.0,0.0,0.0,0.0,2446.201108870968,2288.3815524193546,8892.802419354839,12470.179435483871,21450.46572580645
2002-03-18 14:37:25.386000,nan,3747.5267137096776,2998.0211693548385,1362.7384072580646,0.0,0.0,0.0,0.0,0.0,0.0,0.0,0.0,0.0,0.0,9206.824596774193,20254.987903225807,31188.40322580645
2002-03-18 14:37:33.380000,nan,0.0,0.0,0.0,0.0,0.0,0.0,0.0,0.0,0.0,0.0,0.0,0.0,0.0,3536.310483870968,7779.879032258064,9724.84375
2002-03-18 14:37:41.374000,nan,0.0,0.0,0.0,0.0,0.0,0.0,1881.8253528225807,1940.6328125,3158.0337701612902,3062.336441532258,1217.4009576612902,0.0,0.0,5304.383568548387,11669.645161290322,14587.040322580646
2002-03-18 14:37:49.368000,nan,0.0,0.0,0.0,0.0,0.0,852.8538936491935,827.0099546370968,852.8538936491935,1464.936743951613,1420.5435987903227,1464.936743951613,0.0,0.0,7072.673387096775,15559.877016129032,19449.822580645163
2002-03-18 14:37:57.361000,nan,0.0,0.0,0.0,0.0,0.0,0.0,0.0,0.0,0.0,0.0,0.0,0.0,0.0,7072.594758064516,15559.703629032258,19449.600806451614
2002-03-18 14:38:05.355000,nan,0.0,0.0,0.0,0.0,0.0,0.0,0.0,0.0,0.0,0.0,0.0,0.0,0.0,1768.1581401209678,3889.9501008064517,4862.445564516129
2002-03-18 14:38:13.349000,nan,0.0,0.0,0.0,0.0,0.0,0.0,0.0,0.0,0.0,0.0,880.5037172379032,1966.0918598790322,2389.540574596774,2652.142137096774,3889.8533266129034,4862.311491935484
2002-03-18 14:38:21.342000,nan,0.0,0.0,0.0,0.0,0.0,0.0,0.0,0.0,0.0,0.0,0.0,325.1518082157258,1216.6970766129032,3416.447328629032,5630.310483870968,11718.421370967742
2002-03-18 14:38:29.337000,nan,15252.842741935483,8984.574596774193,4083.8976814516127,0.0,0.0,0.0,0.0,0.0,0.0,0.0,868.6025705645161,3764.0841733870966,3521.2394153225805,3224.5352822580644,0.0,0.0
2002-03-18 14:38:37.330000,nan,8129.355846774193,3251.7399193548385,1478.062752016129,0.0,0.0,0.0,0.0,0.0,0.0,0.0,0.0,0.0,0.0,0.0,0.0,0.0
2002-03-18 14:38:45.323000,nan,0.0,0.0,0.0,0.0,0.0,0.0,0.0,0.0,0.0,0.0,0.0,2445.219254032258,2287.4664818548385,5353.867943548387,4687.370463709677,11718.421370967742
2002-03-18 14:38:53.318000,nan,0.0,0.0,0.0,0.0,0.0,0.0,0.0,0.0,0.0,0.0,0.0,0.0,0.0,1768.0234375,3889.6507056451615,4862.068548387097
2002-03-18 14:39:01.311000,nan,3411.4183467741937,6861.372479838709,5428.175907258064,3266.9690020161293,1436.507560483871,956.211189516129,1461.2899445564517,3254.4737903225805,4433.959677419355,3111.2318548387098,2928.2179939516127,0.0,0.0,0.0,0.0,0.0
2002-03-18 14:39:09.305000,nan,0.0,0.0,621.8526965725806,882.625504032258,471.749747983871,1284.1462953629032,936.8826864919355,908.4929435483871,589.7415574596774,1216.3450100806451,1144.796118951613,1342.172379032258,0.0,0.0,0.0,0.0
2002-03-18 14:39:17.299000,nan,0.0,0.0,0.0,0.0,0.0,0.0,0.0,1363.5559475806451,1363.5559475806451,1406.1673387096773,0.0,0.0,0.0,0.0,0.0,0.0
2002-03-18 14:39:25.292000,nan,0.0,0.0,0.0,0.0,0.0,840.0883316532259,3101.359879032258,3007.3790322580644,2141.8336693548385,2208.7663810483873,572.0088205645161,670.6293472782259,1254.727318548387,2652.2061491935483,3890.0257056451615,4862.532258064516
2002-03-18 14:39:33.286000,nan,0.0,0.0,0.0,0.0,0.0,0.0,1894.8868447580646,1837.4667338709678,1837.4667338709678,1894.8868447580646,0.0,326.4982673891129,1221.7365171370968,5190.018649193548,9524.34677419355,16581.614919354837
2002-03-18 14:39:41.280000,nan,0.0,0.0,0.0,0.0,0.0,0.0,0.0,0.0,0.0,0.0,0.0,0.0,0.0,1768.0506552419354,3889.7076612903224,4862.1411290322585
2002-03-18 14:39:49.274000,nan,0.0,0.0,0.0,0.0,0.0,1850.7366431451612,1908.5680443548388,1908.5680443548388,0.0,0.0,0.0,0.0,0.0,0.0,0.0,0.0
2002-03-18 14:39:57.252000,nan,0.0,0.0,0.0,0.0,0.0,985.3763860887096,1016.1708039314516,2009.3639112903227,993.1931703629032,993.1931703629032,0.0,0.0,0.0,0.0,0.0,0.0
2002-03-18 14:40:05.246000,nan,7945.5362903225805,7298.787298387097,4138.609122983871,2203.163054435484,0.0,829.136214717742,855.0437247983871,855.0437247983871,0.0,0.0,0.0,0.0,0.0,1770.7644909274193,3895.6844758064517,4869.608366935484
2002-03-18 14:40:13.239000,nan,0.0,0.0,0.0,1317.7225302419354,1408.6003024193549,928.3960433467741,0.0,0.0,0.0,0.0,0.0,0.0,0.0,0.0,0.0,0.0
2002-03-18 14:40:21.233000,nan,0.0,0.0,1478.062752016129,1048.9480846774193,1121.2867943548388,985.3763860887096,0.0,0.0,0.0,0.0,0.0,0.0,0.0,0.0,0.0,0.0
2002-03-18 14:40:29.227000,nan,3461.0574596774195,2768.8470262096776,1258.5670362903227,0.0,0.0,0.0,0.0,0.0,1782.4746723790322,2455.4178427419356,2381.0133568548385,1362.1925403225807,0.0,0.0,0.0,0.0
2002-03-18 14:40:37.221000,nan,0.0,0.0,622.3985635080645,2146.7928427419356,1822.6847278225807,2106.7513860887098,892.5936239919355,865.5453629032259,0.0,0.0,0.0,0.0,0.0,0.0,0.0,0.0
2002-03-18 14:40:45.214000,nan,0.0,0.0,0.0,0.0,1033.8022933467741,2631.7162298387098,2796.196824596774,2257.217237903226,0.0,0.0,572.0696824596774,670.7018649193549,1254.8646673387098,884.1083669354839,0.0,0.0
2002-03-18 14:40:53.208000,nan,0.0,0.0,0.0,0.0,0.0,0.0,0.0,0.0,1188.0963961693549,2450.4485887096776,2306.3039314516127,2703.943296370968,0.0,0.0,0.0,0.0
2002-03-18 14:41:01.202000,nan,0.0,0.0,0.0,0.0,0.0,0.0,1942.5447328629032,1883.6837197580646,1883.6837197580646,1942.5447328629032,0.0,0.0,0.0,0.0,0.0,0.0
2002-03-18 14:41:09.196000,nan,8127.7963709677415,3251.1174395161293,1477.78125,0.0,0.0,0.0,0.0,0.0,0.0,0.0,0.0,0.0,0.0,0.0,0.0,0.0
2002-03-18 14:41:17.189000,nan,0.0,0.0,0.0,0.0,943.4984879032259,1609.4962197580646,1710.0894657258063,1243.7006048387098,0.0,0.0,0.0,0.0,0.0,0.0,0.0,0.0
2002-03-18 14:41:25.183000,nan,0.0,0.0,0.0,0.0,0.0,0.0,0.0,975.062247983871,975.062247983871,1005.5320060483871,0.0,0.0,0.0,0.0,0.0,0.0
2002-03-18 14:41:33.176000,nan,0.0,0.0,0.0,0.0,0.0,0.0,0.0,0.0,0.0,0.0,0.0,0.0,0.0,0.0,0.0,0.0
2002-03-18 14:41:41.171000,nan,0.0,0.0,0.0,0.0,0.0,804.7481098790323,855.0437247983871,829.136214717742,1769.2271925403227,2432.6875,2289.5877016129034,1342.172379032258,0.0,0.0,0.0,0.0
2002-03-18 14:41:49.164000,nan,0.0,0.0,0.0,1954.5928679435483,2089.3888608870966,1782.1282762096773,1893.5123487903227,0.0,0.0,0.0,572.396736391129,671.0865675403226,1255.582535282258,884.6125252016129,0.0,0.0
2002-03-18 14:41:57.159000,nan,0.0,0.0,0.0,2357.110887096774,3640.7439516129034,2568.0589717741937,1015.9741683467741,0.0,0.0,0.0,0.0,0.0,0.0,0.0,0.0,0.0
2002-03-18 14:42:05.152000,nan,0.0,0.0,0.0,0.0,0.0,0.0,0.0,0.0,0.0,0.0,0.0,0.0,0.0,0.0,0.0,0.0
2002-03-18 14:42:13.145000,nan,0.0,0.0,0.0,0.0,0.0,0.0,0.0,0.0,0.0,2220.4412802419356,2089.8273689516127,2450.1431451612902,2292.069808467742,0.0,0.0,0.0
2002-03-18 14:42:21.140000,nan,0.0,0.0,0.0,1993.5874495967741,2131.0730846774195,1817.682837701613,1931.284400201613,0.0,0.0,0.0,0.0,0.0,1530.778351814516,2157.0052923387098,4745.413306451613,0.0
2002-03-18 14:42:29.133000,nan,3747.5267137096776,2998.0211693548385,1362.7384072580646,1037.9674899193549,1109.5543094758063,946.3847026209677,1005.5320060483871,0.0,0.0,0.0,0.0,0.0,0.0,0.0,0.0,0.0
2002-03-18 14:42:37.127000,nan,0.0,0.0,649.1586441532259,921.3872857862904,492.46578881048384,420.04391381048384,0.0,0.0,598.539566532258,1234.4871471774193,1161.8699596774193,1362.1925403225807,0.0,0.0,0.0,0.0
2002-03-18 14:42:45.121000,nan,0.0,0.0,0.0,0.0,0.0,0.0,0.0,0.0,0.0,0.0,0.0,0.0,0.0,0.0,0.0,0.0
2002-03-18 14:42:53.099000,nan,0.0,0.0,0.0,0.0,0.0,0.0,0.0,0.0,0.0,0.0,0.0,0.0,0.0,0.0,0.0,0.0
2002-03-18 14:43:01.092000,nan,0.0,0.0,0.0,0.0,0.0,0.0,0.0,0.0,1883.6837197580646,1942.5447328629032,3216.5246975806454,3771.0894657258063,1522.583039314516,2145.4591733870966,0.0,0.0
2002-03-18 14:43:09.087000,nan,0.0,0.0,0.0,0.0,0.0,0.0,0.0,0.0,0.0,0.0,574.5560735887096,673.6175025201613,3569.2247983870966,8754.02822580645,13548.088709677419,14586.826612903225
2002-03-18 14:43:17.080000,nan,0.0,0.0,0.0,0.0,0.0,0.0,0.0,0.0,0.0,0.0,1144.1583921370968,1296.713835685484,2431.3361895161293,5304.554939516129,7779.879032258064,9724.84375
2002-03-18 14:43:25.073000,nan,0.0,903.0788810483871,1231.4710181451612,1165.2633568548388,1223.972404233871,814.3675655241935,2192.5861895161293,1706.6204637096773,1287.098160282258,0.0,0.0,313.06772933467744,1211.873991935484,6948.994455645161,13409.382056451614,21450.46572580645
2002-03-18 14:43:33.068000,nan,0.0,928.3960433467741,1392.5919858870968,1317.7225302419354,638.2715473790323,2140.2872983870966,2274.0559475806454,2205.1461693548385,2205.1461693548385,0.0,828.8087197580645,1761.2801159274193,2424.171875,4817.8487903225805,7927.679939516129,9726.285282258064
2002-03-18 14:43:41.061000,nan,0.0,0.0,0.0,0.0,0.0,0.0,0.0,0.0,1417.007056451613,1461.2899445564517,1375.3292590725807,0.0,0.0,4262.726814516129,7815.001512096775,23444.961693548386
2002-03-18 14:43:49.055000,nan,0.0,0.0,0.0,0.0,0.0,0.0,0.0,0.0,1836.1305443548388,1893.5123487903227,2610.939012096774,2887.2096774193546,1138.5688004032259,1768.194304435484,3241.685987903226,4862.532258064516
2002-03-18 14:43:57.049000,nan,0.0,0.0,1429.9661038306451,2047.9511088709678,1987.7142137096773,2395.556199596774,865.2660030241935,839.0456149193549,0.0,0.0,0.0,0.0,1421.952368951613,4265.8588709677415,7820.7338709677415,11731.109879032258
2002-03-18 14:44:05.043000,nan,0.0,0.0,0.0,0.0,0.0,0.0,0.0,0.0,0.0,0.0,953.6376008064516,1271.5172631048388,1310.047631048387,2131.9112903225805,3908.501512096774,11725.487903225807
2002-03-18 14:44:13.036000,nan,0.0,0.0,0.0,0.0,0.0,0.0,0.0,0.0,0.0,0.0,0.0,0.0,0.0,2130.8155241935483,3906.4997479838707,11719.473790322581
2002-03-18 14:44:21.030000,nan,0.0,0.0,0.0,0.0,0.0,0.0,0.0,0.0,0.0,0.0,0.0,0.0,0.0,0.0,0.0,0.0
2002-03-18 14:44:29.024000,nan,3410.341733870968,2273.5584677419356,1240.1226058467741,0.0,0.0,0.0,0.0,0.0,0.0,0.0,0.0,0.0,0.0,0.0,0.0,0.0
2002-03-18 14:44:37.017000,nan,0.0,0.0,0.0,0.0,0.0,0.0,0.0,0.0,0.0,0.0,0.0,0.0,0.0,2131.9112903225805,3908.501512096774,11725.487903225807
2002-03-18 14:44:45.012000,nan,0.0,0.0,0.0,0.0,0.0,0.0,0.0,0.0,0.0,0.0,0.0,0.0,0.0,5304.334173387097,9724.609879032258,14586.913306451614
2002-03-18 14:44:53.005000,nan,0.0,0.0,0.0,0.0,0.0,0.0,0.0,0.0,0.0,0.0,0.0,0.0,0.0,0.0,0.0,0.0
2002-03-18 14:45:00.999000,nan,0.0,0.0,0.0,0.0,804.7481098790323,804.7481098790323,855.0437247983871,414.56735131048384,0.0,0.0,0.0,0.0,0.0,7801.032258064516,14301.899193548386,33173.93346774193
2002-03-18 14:45:08.993000,nan,0.0,0.0,0.0,0.0,0.0,0.0,0.0,0.0,0.0,0.0,2087.024445564516,2365.2938508064517,2289.001008064516,3225.4032258064517,0.0,0.0
2002-03-18 14:45:16.986000,nan,0.0,0.0,0.0,0.0,0.0,0.0,0.0,0.0,0.0,0.0,0.0,0.0,0.0,2131.9112903225805,4690.2036290322585,11725.487903225807
2002-03-18 14:45:24.979000,nan,0.0,0.0,0.0,0.0,0.0,0.0,0.0,0.0,0.0,0.0,0.0,0.0,0.0,3726.2555443548385,8197.780241935483,15556.516129032258
2002-03-18 14:45:32.974000,nan,0.0,0.0,0.0,0.0,0.0,0.0,0.0,0.0,0.0,0.0,828.8958543346774,1342.0216733870968,1174.2691532258063,0.0,0.0,0.0
2002-03-18 14:45:40.952000,nan,0.0,0.0,0.0,0.0,0.0,881.7723034274194,936.8826864919355,908.4929435483871,0.0,0.0,0.0,0.0,1465.3402217741937,2131.4022177419356,4689.086693548387,0.0
2002-03-18 14:45:48.945000,nan,0.0,0.0,0.0,0.0,0.0,0.0,0.0,0.0,0.0,0.0,0.0,0.0,0.0,2131.4022177419356,4689.086693548387,11722.711693548386
2002-03-18 14:45:56.940000,nan,0.0,0.0,0.0,0.0,0.0,0.0,0.0,1436.0612399193549,1436.0612399193549,1480.938256048387,0.0,0.0,0.0,0.0,0.0,0.0
2002-03-18 14:46:04.933000,nan,0.0,1021.2347530241935,1392.5919858870968,1317.7225302419354,1385.952620967742,881.7723034274194,936.8826864919355,454.2454007056452,0.0,0.0,0.0,0.0,0.0,0.0,0.0,0.0
2002-03-18 14:46:12.927000,nan,0.0,0.0,0.0,0.0,1033.8022933467741,881.7723034274194,936.8826864919355,454.2454007056452,2141.8336693548385,2208.7663810483873,2078.8371975806454,0.0,0.0,0.0,0.0,0.0
2002-03-18 14:46:20.921000,nan,0.0,953.2360131048387,1299.8670614919354,1229.98046875,0.0,0.0,0.0,0.0,0.0,0.0,0.0,0.0,0.0,0.0,0.0,0.0
2002-03-18 14:46:28.914000,nan,0.0,0.0,0.0,0.0,0.0,0.0,0.0,0.0,0.0,0.0,0.0,0.0,0.0,0.0,0.0,0.0
2002-03-18 14:46:36.907000,nan,3420.181703629032,2736.1433971774195,1243.7006048387098,0.0,0.0,0.0,0.0,0.0,0.0,0.0,0.0,0.0,0.0,2131.4022177419356,4689.086693548387,11722.711693548386
2002-03-18 14:46:44.902000,nan,0.0,0.0,0.0,0.0,0.0,0.0,0.0,0.0,0.0,0.0,0.0,0.0,0.0,0.0,0.0,0.0
2002-03-18 14:46:52.895000,nan,0.0,0.0,0.0,0.0,0.0,0.0,1420.5435987903227,1420.5435987903227,1420.5435987903227,0.0,0.0,0.0,0.0,0.0,0.0,0.0
2002-03-18 14:47:00.890000,nan,0.0,0.0,0.0,0.0,0.0,0.0,0.0,0.0,0.0,0.0,0.0,0.0,0.0,0.0,0.0,0.0
2002-03-18 14:47:08.883000,nan,0.0,0.0,0.0,0.0,0.0,0.0,0.0,918.4891003024194,918.4891003024194,892.2462197580645,0.0,0.0,0.0,2232.0846774193546,4687.370463709677,9374.740927419354
2002-03-18 14:47:16.877000,nan,0.0,0.0,0.0,0.0,0.0,0.0,0.0,0.0,0.0,0.0,0.0,0.0,0.0,2232.0846774193546,4687.370463709677,9374.740927419354
2002-03-18 14:47:24.871000,nan,0.0,0.0,0.0,0.0,0.0,0.0,0.0,0.0,0.0,0.0,0.0,0.0,0.0,0.0,0.0,0.0
2002-03-18 14:47:32.864000,nan,0.0,0.0,0.0,0.0,1963.347908266129,2078.8371975806454,2019.4475806451612,0.0,0.0,0.0,0.0,0.0,0.0,0.0,0.0,0.0
2002-03-18 14:47:40.858000,nan,0.0,0.0,0.0,2052.853074596774,1759.5909778225807,1759.5909778225807,1710.711945564516,0.0,0.0,0.0,0.0,0.0,0.0,0.0,0.0,0.0
2002-03-18 14:47:48.852000,nan,0.0,0.0,0.0,0.0,0.0,0.0,0.0,0.0,0.0,0.0,0.0,0.0,1562.5977822580646,2343.8966733870966,4687.793346774193,0.0
2002-03-18 14:47:56.846000,nan,0.0,0.0,0.0,0.0,0.0,0.0,0.0,0.0,0.0,0.0,0.0,0.0,2139.4170866935483,4084.3019153225805,8577.021169354839,4862.068548387097
2002-03-18 14:48:04.839000,nan,0.0,0.0,0.0,0.0,0.0,0.0,0.0,0.0,580.9354838709677,1128.6738911290322,1161.8699596774193,1097.321068548387,0.0,0.0,0.0,0.0
2002-03-18 14:48:12.833000,nan,0.0,0.0,0.0,0.0,0.0,0.0,0.0,0.0,0.0,0.0,0.0,0.0,0.0,0.0,0.0,0.0
2002-03-18 14:48:20.827000,nan,0.0,0.0,0.0,0.0,0.0,0.0,0.0,572.0540574596774,1144.1123991935483,1111.4231350806451,1111.4231350806451,0.0,0.0,3733.514616935484,7840.382056451613,9800.482862903225
2002-03-18 14:48:28.805000,nan,0.0,0.0,0.0,0.0,0.0,0.0,0.0,0.0,0.0,0.0,0.0,0.0,0.0,0.0,0.0,0.0
2002-03-18 14:48:36.799000,nan,0.0,0.0,0.0,0.0,0.0,0.0,0.0,0.0,0.0,0.0,0.0,0.0,0.0,2232.8986895161293,4262.806955645161,9378.155241935483
2002-03-18 14:48:44.792000,nan,0.0,0.0,0.0,0.0,0.0,0.0,0.0,0.0,0.0,1339.2482358870968,1339.2482358870968,1233.5183971774193,0.0,0.0,0.0,0.0
2002-03-18 14:48:52.786000,nan,0.0,0.0,0.0,0.0,0.0,0.0,0.0,0.0,0.0,0.0,0.0,2467.147933467742,3125.0544354838707,4687.576612903225,9375.164314516129,0.0
2002-03-18 14:49:00.780000,nan,0.0,0.0,0.0,0.0,0.0,0.0,0.0,0.0,574.5560735887096,1116.2821320564517,1116.2821320564517,527.9706086189516,0.0,0.0,0.0,0.0
2002-03-18 14:49:08.774000,nan,0.0,0.0,0.0,0.0,0.0,0.0,0.0,0.0,0.0,0.0,0.0,0.0,0.0,0.0,0.0,0.0
2002-03-18 14:49:16.767000,nan,0.0,0.0,0.0,0.0,0.0,0.0,0.0,580.9354838709677,1161.8699596774193,1128.6738911290322,564.3369455645161,0.0,627.362777217742,1852.2174899193549,3889.6507056451615,3889.6507056451615
2002-03-18 14:49:24.762000,nan,0.0,0.0,0.0,0.0,0.0,0.0,0.0,0.0,0.0,0.0,0.0,0.0,627.3722278225806,1852.243195564516,3889.7076612903224,4862.1411290322585
2002-03-18 14:49:32.755000,nan,0.0,0.0,0.0,0.0,0.0,0.0,0.0,0.0,0.0,0.0,0.0,0.0,598.539566532258,1881.1194556451612,3591.2368951612902,4937.950604838709
2002-03-18 14:49:40.748000,nan,0.0,0.0,0.0,0.0,0.0,0.0,0.0,0.0,0.0,0.0,0.0,0.0,0.0,0.0,0.0,0.0
2002-03-18 14:49:48.743000,nan,0.0,0.0,0.0,0.0,0.0,0.0,0.0,0.0,0.0,0.0,0.0,348.6421370967742,1441.0531754032259,1473.8035534274193,1080.789314516129,0.0
2002-03-18 14:49:56.736000,nan,0.0,0.0,0.0,0.0,0.0,0.0,0.0,0.0,0.0,0.0,0.0,0.0,0.0,0.0,0.0,0.0
2002-03-18 14:50:04.731000,nan,0.0,0.0,0.0,0.0,0.0,0.0,1422.9522429435483,1514.754662298387,2775.0703125,1183.9351058467741,1220.9308215725807,0.0,0.0,1775.902847782258,3906.983870967742,4883.732862903225
2002-03-18 14:50:12.724000,nan,0.0,0.0,0.0,0.0,0.0,0.0,0.0,0.0,0.0,0.0,0.0,0.0,0.0,0.0,0.0,0.0
2002-03-18 14:50:20.717000,nan,0.0,0.0,0.0,0.0,0.0,0.0,0.0,0.0,0.0,0.0,0.0,0.0,1394.566658266129,1473.8035534274193,1080.789314516129,0.0
2002-03-18 14:50:28.711000,nan,0.0,0.0,0.0,0.0,0.0,0.0,0.0,0.0,0.0,0.0,0.0,0.0,0.0,0.0,0.0,0.0
2002-03-18 14:50:36.705000,nan,0.0,928.3960433467741,972.6047127016129,1361.6467993951612,828.0286038306451,865.2660030241935,839.0456149193549,893.1773563508065,0.0,0.0,0.0,0.0,0.0,0.0,0.0,0.0
2002-03-18 14:50:44.698000,nan,0.0,0.0,0.0,0.0,0.0,0.0,0.0,0.0,0.0,0.0,0.0,0.0,0.0,0.0,0.0,0.0
2002-03-18 14:50:52.693000,nan,0.0,928.3960433467741,972.6047127016129,1361.6467993951612,851.029296875,936.8826864919355,2765.6320564516127,2852.0584677419356,1915.1759072580646,1857.1393649193549,0.0,0.0,0.0,0.0,0.0,0.0
2002-03-18 14:51:00.686000,nan,0.0,0.0,0.0,0.0,0.0,830.506363407258,830.506363407258,856.4582913306451,0.0,0.0,0.0,0.0,0.0,0.0,0.0,0.0
2002-03-18 14:51:08.680000,nan,0.0,0.0,0.0,0.0,0.0,0.0,0.0,0.0,0.0,0.0,0.0,0.0,0.0,0.0,0.0,0.0
2002-03-18 14:51:16.659000,nan,0.0,0.0,0.0,0.0,0.0,0.0,0.0,0.0,0.0,0.0,0.0,0.0,0.0,0.0,0.0,0.0
2002-03-18 14:51:24.652000,nan,0.0,0.0,0.0,0.0,0.0,0.0,1762.7415574596773,1814.5874495967741,1814.5874495967741,1762.7415574596773,0.0,0.0,0.0,0.0,0.0,0.0
2002-03-18 14:51:32.645000,nan,0.0,0.0,0.0,0.0,0.0,974.9969758064516,974.9969758064516,1037.8996975806451,0.0,0.0,0.0,0.0,0.0,0.0,0.0,0.0
2002-03-18 14:51:40.640000,nan,0.0,0.0,0.0,0.0,0.0,892.5936239919355,865.5453629032259,892.5936239919355,0.0,0.0,0.0,0.0,0.0,0.0,0.0,0.0
2002-03-18 14:51:48.633000,nan,0.0,0.0,0.0,0.0,0.0,0.0,0.0,0.0,0.0,0.0,607.7676411290323,1254.7457157258063,1296.569808467742,4420.251512096775,7779.695564516129,9724.594758064517
2002-03-18 14:51:56.626000,nan,0.0,0.0,0.0,0.0,0.0,0.0,0.0,0.0,0.0,0.0,0.0,0.0,0.0,7409.2449596774195,15559.404233870968,12966.170362903225
2002-03-18 14:52:04.621000,nan,9359.780241935483,5552.760080645161,2908.591733870968,1016.1708039314516,0.0,0.0,0.0,0.0,0.0,0.0,0.0,0.0,0.0,0.0,0.0,0.0
2002-03-18 14:52:12.615000,nan,0.0,0.0,1498.059601814516,953.3097278225806,850.2496849798387,3779.2686491935483,2825.9586693548385,2914.2752016129034,1943.2064012096773,0.0,0.0,0.0,0.0,0.0,0.0,0.0
2002-03-18 14:52:20.608000,nan,0.0,0.0,0.0,0.0,0.0,0.0,0.0,0.0,0.0,0.0,0.0,1963.347908266129,2280.0201612903224,7830.116935483871,8522.884072580646,23437.895161290322
2002-03-18 14:52:28.602000,nan,7162.655241935484,5209.210685483871,2728.631804435484,0.0,0.0,0.0,0.0,0.0,0.0,2151.4254032258063,2151.4254032258063,3016.0599798387098,3502.522933467742,3129.2908266129034,5119.980342741936,11731.109879032258
2002-03-18 14:52:36.596000,nan,0.0,0.0,0.0,0.0,0.0,0.0,2026.0410786290322,2148.8316532258063,2148.8316532258063,2026.0410786290322,0.0,0.0,0.0,4472.1411290322585,9391.509072580646,23478.8064516129
2002-03-18 14:52:44.589000,nan,0.0,0.0,0.0,0.0,0.0,0.0,0.0,0.0,0.0,0.0,0.0,900.6580141129032,1394.566658266129,1543.984375,982.535408266129,0.0
2002-03-18 14:52:52.583000,nan,2998.0211693548385,2998.0211693548385,1499.0128528225807,0.0,0.0,0.0,0.0,0.0,0.0,0.0,0.0,963.2825100806451,2636.8094758064517,7173.684979838709,12468.963709677419,17158.040322580644
2002-03-18 14:53:00.577000,nan,0.0,0.0,0.0,0.0,0.0,0.0,0.0,0.0,0.0,0.0,0.0,1866.2866683467741,2445.478578629032,5893.8286290322585,11787.629032258064,9391.482862903225
2002-03-18 14:53:08.570000,nan,0.0,0.0,0.0,0.0,0.0,0.0,0.0,946.319808467742,946.319808467742,919.2826360887096,0.0,0.0,0.0,0.0,0.0,0.0
2002-03-18 14:53:16.565000,nan,0.0,0.0,0.0,0.0,0.0,0.0,0.0,0.0,0.0,0.0,2229.4221270161293,3261.5259576612902,3678.467237903226,884.01171875,0.0,0.0
2002-03-18 14:53:24.558000,nan,0.0,0.0,0.0,0.0,0.0,0.0,0.0,0.0,0.0,0.0,0.0,0.0,0.0,0.0,0.0,0.0
2002-03-18 14:53:32.551000,nan,0.0,0.0,749.5061743951613,967.1051537298387,468.44178427419354,0.0,985.1868699596774,1048.7474798387098,1048.7474798387098,985.1868699596774,0.0,0.0,0.0,0.0,0.0,0.0
2002-03-18 14:53:40.546000,nan,0.0,0.0,0.0,0.0,0.0,0.0,0.0,0.0,0.0,0.0,1013.2398563508065,1310.047631048387,1394.566658266129,1852.3126260080646,3889.8533266129034,3889.8533266129034
2002-03-18 14:53:48.539000,nan,0.0,0.0,0.0,0.0,0.0,0.0,0.0,0.0,0.0,0.0,0.0,0.0,0.0,2232.8986895161293,4262.806955645161,9378.155241935483
2002-03-18 14:53:56.533000,nan,0.0,0.0,0.0,0.0,1636.555695564516,1829.092993951613,1829.092993951613,1829.092993951613,0.0,0.0,0.0,0.0,0.0,4464.983366935484,8524.0625,18752.897177419356
2002-03-18 14:54:04.527000,nan,0.0,0.0,0.0,0.0,0.0,0.0,0.0,0.0,0.0,0.0,0.0,0.0,0.0,4466.329637096775,8526.629032258064,18758.572580645163
2002-03-18 14:54:12.505000,nan,0.0,0.0,0.0,0.0,0.0,1249.2421875,2572.6953125,3147.2540322580644,3721.8097278225805,1149.1149193548388,1149.1149193548388,0.0,0.0,0.0,0.0,0.0
2002-03-18 14:54:20.498000,nan,0.0,0.0,0.0,0.0,0.0,0.0,0.0,0.0,0.0,0.0,0.0,0.0,589.3405997983871,1852.2174899193549,3536.0559475806454,3889.6507056451615
2002-03-18 14:54:28.493000,nan,0.0,0.0,0.0,0.0,0.0,0.0,0.0,0.0,0.0,0.0,0.0,0.0,0.0,4288.726310483871,7797.682963709677,14295.752016129032
2002-03-18 14:54:36.486000,nan,0.0,0.0,0.0,0.0,0.0,0.0,0.0,1016.1708039314516,1016.1708039314516,985.3763860887096,0.0,0.0,0.0,1947.8422379032259,3541.532258064516,6492.807963709677
2002-03-18 14:54:44.480000,nan,0.0,0.0,0.0,0.0,0.0,0.0,1420.5435987903227,2963.717237903226,2963.717237903226,1363.5559475806451,3519.5352822580644,2155.9793346774195,2295.0730846774195,8538.352822580646,11669.666330645161,12966.384072580646
2002-03-18 14:54:52.474000,nan,0.0,0.0,0.0,0.0,975.062247983871,975.062247983871,1005.5320060483871,1964.2620967741937,1964.2620967741937,1964.2620967741937,854.7560483870968,3153.6587701612902,6557.550907258064,11623.053427419354,18189.495967741936,17614.808467741936
2002-03-18 14:55:00.467000,nan,0.0,0.0,1436.157258064516,3977.7232862903224,3551.430191532258,2892.8230846774195,3767.2424395161293,5716.307963709677,6346.665322580645,6954.464213709677,4356.642137096775,6559.934979838709,4469.195060483871,2474.2232862903224,4701.023689516129,0.0
2002-03-18 14:55:08.462000,nan,0.0,0.0,682.2826360887096,1912.260710685484,2031.0282258064517,2603.782762096774,2943.2862903225805,7467.279233870968,8107.175403225807,9302.266129032258,12554.002016129032,10641.90322580645,9452.598790322581,7092.759072580645,10360.826612903225,7835.028729838709
2002-03-18 14:55:16.455000,nan,0.0,0.0,0.0,0.0,0.0,0.0,0.0,882.8385206653226,882.8385206653226,3426.383316532258,3042.3550907258063,2574.3016633064517,636.9758064516129,0.0,0.0,0.0
2002-03-18 14:55:24.449000,nan,3415.1285282258063,2732.1028225806454,1301.000756048387,1998.7251764112902,1776.6460433467741,1827.407258064516,6586.743951612903,8192.541834677419,9339.316532258064,10617.464717741936,9498.25,7495.402217741936,4741.660282258064,927.5437247983871,0.0,0.0
2002-03-18 14:55:32.442000,nan,0.0,895.3314012096774,1841.1631804435483,3802.234879032258,3555.3984375,3432.3326612903224,5269.799395161291,2749.9304435483873,2502.782258064516,3016.4140625,4619.467741935484,7490.730846774193,7130.056451612903,6096.310987903225,9572.921370967742,16699.810483870966
2002-03-18 14:55:40.436000,nan,0.0,3113.3044354838707,2801.9758064516127,2264.225050403226,2383.8477822580644,2234.8618951612902,4551.462701612903,7081.754032258064,7081.754032258064,11200.85685483871,11109.992943548386,8859.402217741936,8164.366431451613,4558.087197580645,8405.636088709678,4862.808467741936
2002-03-18 14:55:48.430000,nan,0.0,1389.3519405241937,7145.544354838709,5308.120967741936,4488.537802419355,4101.014616935484,4971.116935483871,6730.957157258064,7094.087197580645,13477.183467741936,16393.472782258064,18885.112903225807,15012.886088709678,7429.011088709677,4553.856854838709,7781.058467741936
2002-03-18 14:55:56.424000,nan,2729.1335685483873,1949.379410282258,1809.3185483870968,2260.451612903226,4609.7494959677415,6244.522177419355,7517.476310483871,7645.528225806452,5267.216229838709,13388.977822580646,12461.195564516129,13478.19052419355,14455.716733870968,8883.282258064517,11035.303427419354,15562.104838709678
2002-03-18 14:56:04.418000,nan,0.0,3818.375,3552.4012096774195,3127.546370967742,2880.8099798387098,1846.047127016129,4942.7338709677415,9299.620967741936,12738.760080645161,12659.354838709678,7283.815524193548,6420.314516129032,8620.947580645161,10040.233870967742,13117.469758064517,15628.564516129032
2002-03-18 14:56:12.411000,nan,9106.790322580646,5464.0776209677415,6298.9526209677415,4177.874243951613,5585.643145161291,6636.992439516129,5562.455645161291,6584.196572580645,14708.823588709678,14374.282258064517,13238.744959677419,7860.315524193548,4939.791330645161,3867.998487903226,2161.5821572580644,0.0
2002-03-18 14:56:20.405000,nan,45032.92741935484,33401.61088709677,26550.951612903227,17511.25806451613,14978.99697580645,12905.78125,28357.447580645163,24020.828629032258,37787.63306451613,25612.78629032258,32955.469758064515,12650.777217741936,13240.351814516129,4095.9372479838707,4490.224798387097,3243.5836693548385
2002-03-18 14:56:28.399000,nan,67595.2258064516,61271.13306451613,48698.31451612903,58335.12903225807,79484.99193548386,144746.70967741936,166020.4193548387,164988.96774193548,147836.5483870968,101815.70967741935,45276.407258064515,20144.461693548386,0.0,0.0,0.0,0.0
2002-03-18 14:56:36.392000,nan,52300.16935483871,53437.165322580644,51001.45161290323,56464.68548387097,82248.19354838709,77240.45161290323,96212.41935483871,97681.06451612903,88615.59677419355,82036.31451612903,43940.92741935484,20435.733870967742,3438.5236895161293,0.0,0.0,0.0
2002-03-18 14:56:44.387000,nan,143954.5806451613,114330.16129032258,104447.58064516129,85047.79838709677,69970.35483870968,57568.6370967742,50824.07258064516,48265.9314516129,45875.532258064515,34708.842741935485,20518.94556451613,6885.746471774193,3182.7757056451615,1620.82421875,0.0,0.0
2002-03-18 14:56:52.380000,nan,4553.506048387097,3052.9410282258063,2762.232862903226,5835.728326612903,6647.746975806452,8246.414314516129,17030.399193548386,19784.457661290322,28594.5625,32299.0,20794.55443548387,12885.377016129032,5010.252520161291,4742.853326612903,7958.521169354839,11108.337701612903
2002-03-18 14:57:00.358000,nan,88371.54838709677,59619.528225806454,59226.91129032258,37106.645161290326,36899.54435483871,32662.891129032258,39922.82661290323,28141.54435483871,22885.8125,7908.551411290323,5528.342741935484,3317.759828629032,2355.0738407258063,4591.6875,8842.104838709678,9775.425403225807
2002-03-18 14:57:08.352000,nan,134106.56451612903,76449.07258064517,55364.907258064515,26982.15322580645,32329.358870967742,22782.762096774193,25003.245967741936,14531.975806451614,20497.42943548387,16015.930443548386,17357.145161290322,13580.818548387097,8282.361391129032,6595.011088709677,4709.851814516129,0.0
2002-03-18 14:57:16.345000,nan,3570.3757560483873,12927.880040322581,15175.933467741936,28201.941532258064,35309.721774193546,33493.07862903226,25212.858870967742,24366.729838709678,15425.832661290322,17430.358870967742,12592.877016129032,11063.905241935483,5348.704133064516,3253.9007056451615,2168.7232862903224,0.0
2002-03-18 14:57:24.339000,nan,163409.96774193548,100731.74193548386,79331.98387096774,46953.915322580644,53917.9435483871,45089.32258064516,63263.479838709674,63685.72580645161,66247.43548387097,43016.45564516129,30711.52822580645,17441.83064516129,15106.139112903225,8895.12197580645,2435.021421370968,0.0
2002-03-18 14:57:32.334000,nan,261014.70967741936,226368.51612903227,212424.4193548387,199828.9193548387,188360.0,166827.6935483871,190666.33870967742,122701.3870967742,113176.24193548386,97232.09677419355,89233.85483870968,74321.89516129032,61717.47580645161,68020.79032258065,75275.0241935484,53997.79838709677
2002-03-18 14:57:40.327000,nan,53501.221774193546,52662.89112903226,83459.6370967742,97882.00806451614,136101.7258064516,141222.16129032258,157835.25806451612,126623.15322580645,115189.01612903226,126811.25806451614,149741.83870967742,147582.66129032258,144603.5806451613,144836.1935483871,147976.4516129032,152993.12903225806
2002-03-18 14:57:48.322000,nan,51701.6129032258,30983.925403225807,27771.766129032258,30487.23185483871,48521.04838709677,90437.79032258065,122168.68548387097,161619.35483870967,161990.9516129032,157904.87096774194,160319.25806451612,150986.75806451612,145093.03225806452,168082.64516129033,196885.5483870968,204425.03225806452
2002-03-18 14:57:56.315000,nan,56901.9314516129,53765.41935483871,39175.153225806454,47900.07258064516,57504.854838709674,103717.01612903226,129067.96774193548,160307.7258064516,204764.85483870967,219004.1935483871,206103.70967741936,192816.62903225806,200744.0,248483.79032258064,295576.1935483871,349989.5806451613
2002-03-18 14:58:04.310000,nan,66933.44354838709,53500.721774193546,46969.717741935485,47426.4435483871,70005.10483870968,117373.35483870968,157292.74193548388,190233.0483870968,200483.43548387097,185190.14516129033,165900.14516129033,160356.59677419355,155035.67741935485,182096.40322580645,183547.90322580645,197367.74193548388
2002-03-18 14:58:12.303000,nan,90958.64516129032,76022.46774193548,85957.31451612903,99005.09677419355,137213.16129032258,194707.40322580645,249910.12903225806,259367.98387096773,233185.7741935484,189639.25806451612,142413.46774193548,136442.48387096773,116836.99193548386,114566.00806451614,109560.0241935484,81962.78225806452
2002-03-18 14:58:20.297000,nan,83081.7741935484,101008.53225806452,95916.75806451614,135528.70967741936,174846.3064516129,189289.90322580645,217405.3064516129,237224.11290322582,245056.09677419355,223089.90322580645,202844.03225806452,143870.1935483871,105596.85483870968,108728.4758064516,117055.1370967742,132777.7258064516
2002-03-18 14:58:28.291000,nan,50781.23387096774,59386.717741935485,99568.7741935484,120685.21774193548,125058.3870967742,178413.9516129032,190411.8064516129,183082.61290322582,207751.74193548388,165302.12903225806,138738.7741935484,115808.19354838709,110268.41935483871,107445.81451612903,94803.14516129032,112634.09677419355
2002-03-18 14:58:36.285000,nan,89111.41129032258,110136.70161290323,88692.20161290323,119757.41129032258,171081.09677419355,204482.75806451612,206759.2741935484,215614.11290322582,186194.70967741936,189171.3064516129,131455.15322580645,109954.10483870968,78564.64516129032,68329.2258064516,52645.66935483871,54892.709677419356
2002-03-18 14:58:44.279000,nan,128551.15322580645,115073.78225806452,140472.51612903227,138864.4193548387,154835.06451612903,203598.83870967742,225502.24193548388,239812.14516129033,229682.17741935485,206587.09677419355,170252.67741935485,116310.2741935484,93789.91935483871,64330.22580645161,75289.29032258065,50736.903225806454
2002-03-18 14:58:56.269000,nan,56135.104838709674,108793.8629032258,126494.65322580645,199087.32258064515,217453.70967741936,315362.70967741933,249148.25806451612,268583.29032258067,158404.2258064516,187960.5806451613,157842.3064516129,166171.70967741936,104744.29838709677,89056.70967741935,56455.99193548387,33291.12298387097
2002-03-18 14:59:04.263000,nan,174772.7741935484,154078.85483870967,157562.4516129032,144837.4193548387,165437.3064516129,192878.4516129032,225087.29032258064,212629.0806451613,202824.29032258064,182208.16129032258,137803.61290322582,136537.40322580645,139684.4516129032,156871.25806451612,175170.09677419355,250940.12903225806
2002-03-18 14:59:12.257000,nan,85342.14516129032,85604.87903225806,95749.6370967742,85072.40322580645,85984.2741935484,82538.67741935483,92222.59677419355,111163.69354838709,140937.16129032258,148538.53225806452,150355.17741935485,193712.90322580645,233576.87096774194,254801.33870967742,263256.0,141849.06451612903
2002-03-18 14:59:24.247000,nan,62774.217741935485,69549.29838709677,80691.21774193548,72008.45161290323,82418.21774193548,81070.83870967742,112985.7258064516,176863.29032258064,246297.46774193548,277145.0,282013.6451612903,293190.22580645164,240607.85483870967,225081.29032258064,202361.0483870968,136185.98387096773
2002-03-18 14:59:32.226000,nan,38748.77419354839,49760.92741935484,65127.270161290326,74880.85483870968,87997.12903225806,93675.56451612903,139240.0,191368.20967741936,231808.0806451613,216191.64516129033,174015.9193548387,185172.56451612903,129218.0241935484,119204.3629032258,75678.51612903226,47782.92338709677
2002-03-18 14:59:40.220000,nan,86163.53225806452,72166.54032258065,74930.23387096774,89617.95161290323,109341.58870967742,154587.64516129033,168397.17741935485,178700.2258064516,191695.5483870968,180319.2741935484,203735.3064516129,192601.1935483871,179746.09677419355,138442.59677419355,125727.41129032258,116476.16129032258
2002-03-18 14:59:48.213000,nan,97329.0,104084.64516129032,137071.06451612903,197303.62903225806,249871.24193548388,290267.6451612903,266751.0967741936,233285.1935483871,167423.90322580645,144779.0,107866.95967741935,81849.87096774194,61605.73387096774,46816.50403225807,37808.67741935484,17722.608870967742
2002-03-18 14:59:56.207000,nan,47232.971774193546,43617.26612903226,52474.39919354839,74570.3870967742,112878.34677419355,114157.78225806452,147917.82258064515,135956.67741935485,164616.70967741936,179096.93548387097,203325.5806451613,183651.61290322582,176812.0,163666.67741935485,191989.96774193548,155453.0
2002-03-18 15:00:04.201000,nan,23293.608870967742,11646.808467741936,17905.66935483871,21664.24193548387,43431.10080645161,42975.85887096774,77775.46774193548,101394.00806451614,152006.0,183297.96774193548,210791.35483870967,217985.9193548387,268655.8548387097,267352.0,314381.4516129032,357487.67741935485
2002-03-18 15:00:16.192000,nan,44314.29435483871,76472.17741935483,80572.33870967742,95431.89516129032,97460.44354838709,117185.50806451614,168558.98387096773,187548.93548387097,179873.11290322582,185415.70967741936,208216.90322580645,233823.70967741936,219749.61290322582,216178.2258064516,194665.5806451613,149628.29032258064
2002-03-18 15:00:24.185000,nan,117826.05645161291,160556.25806451612,135737.38709677418,199046.12903225806,248833.2741935484,271652.70967741933,213742.67741935485,170487.33870967742,113888.91935483871,94352.70161290323,65190.29838709677,73659.43548387097,73760.98387096774,80639.62903225806,61648.471774193546,99908.54838709677
2002-03-18 15:00:32.179000,nan,119219.79838709677,123344.66129032258,126079.29032258065,196281.5806451613,210496.4193548387,288682.4516129032,320115.77419354836,278538.06451612903,151620.90322580645,99700.84677419355,57677.3629032258,43028.70564516129,36534.64919354839,38014.342741935485,16062.360887096775,0.0
2002-03-18 15:00:40.173000,nan,33235.717741935485,82276.87096774194,97073.12903225806,152100.4516129032,166966.01612903227,212988.67741935485,189220.0806451613,222661.16129032258,158020.5806451613,189865.62903225806,159621.51612903227,173399.12903225806,159567.51612903227,186565.2741935484,155610.96774193548,151052.1935483871
2002-03-18 15:00:48.166000,nan,15545.642137096775,49654.71370967742,86171.9758064516,130334.93548387097,148386.17741935485,180569.46774193548,194619.25806451612,183619.4516129032,158625.83870967742,147405.5,141755.29032258064,161968.20967741936,151760.17741935485,175899.79032258064,172121.46774193548,169451.38709677418
2002-03-18 15:00:56.160000,nan,46369.36693548387,59683.4435483871,55224.23387096774,76632.46774193548,79453.65322580645,107440.05645161291,94519.3870967742,120511.26612903226,137365.2741935484,169873.2741935484,170467.70967741936,215232.2741935484,224145.17741935485,247603.61290322582,214726.7258064516,191576.59677419355
2002-03-18 15:01:04.154000,nan,17136.171370967742,28470.86693548387,48261.903225806454,72359.08064516129,79250.18548387097,106691.50806451614,123539.33870967742,167097.59677419355,186433.14516129033,182965.61290322582,196408.85483870967,179080.82258064515,204389.56451612903,218672.56451612903,215191.61290322582,216003.67741935485
2002-03-18 15:01:16.144000,nan,6291.8487903225805,35316.31048387097,40746.907258064515,52415.4435483871,54895.54838709677,63424.31451612903,80899.68548387097,96878.25806451614,128289.12903225806,146335.01612903227,166294.48387096773,188109.5806451613,226850.01612903227,261025.3064516129,295054.06451612903,291386.06451612903
2002-03-18 15:01:24.138000,nan,50622.45161290323,55316.71370967742,50180.979838709674,56354.80241935484,63758.31451612903,100296.45967741935,119112.25806451614,159337.20967741936,157553.4516129032,161904.29032258064,176517.03225806452,163133.20967741936,178648.61290322582,226398.79032258064,284671.22580645164,391185.03225806454
2002-03-18 15:01:32.132000,nan,59945.2379032258,66951.74596774194,57456.00806451613,55561.278225806454,56797.20161290323,81852.66935483871,112378.67741935483,135933.25806451612,144307.2741935484,175046.83870967742,180430.14516129033,217129.17741935485,207107.37096774194,240088.64516129033,212161.48387096773,234443.17741935485
2002-03-18 15:01:40.126000,nan,53982.37903225807,41695.91129032258,41734.68548387097,43280.01612903226,53456.967741935485,61524.95161290323,104779.3870967742,138638.61290322582,181630.2741935484,193672.3064516129,214608.59677419355,215355.32258064515,225325.8064516129,246110.35483870967,241708.48387096773,280065.12903225806
2002-03-18 15:01:48.120000,nan,7717.904233870968,32246.389112903227,48131.346774193546,55851.44758064516,94024.55645161291,107833.98387096774,152092.43548387097,198874.0483870968,204407.0,199794.0,165078.17741935485,168818.7741935484,158825.2741935484,182100.09677419355,169255.4516129032,223942.35483870967
2002-03-18 15:02:00.110000,nan,74416.80645161291,82476.87903225806,72749.12903225806,75700.7741935484,67129.6491935484,71417.53225806452,117585.2741935484,145453.2741935484,187739.8064516129,199608.14516129033,206119.6935483871,199901.14516129033,181701.66129032258,184401.14516129033,200635.70967741936,231156.83870967742
2002-03-18 15:02:08.103000,nan,7727.704637096775,22771.08064516129,26009.1814516129,33903.89112903226,44553.05241935484,67867.1370967742,73083.67741935483,128731.12903225806,156251.87096774194,183794.2258064516,142193.09677419355,158953.53225806452,217633.51612903227,275899.12903225806,323396.51612903224,322170.51612903224
2002-03-18 15:02:16.082000,nan,66833.94758064517,86396.35483870968,84973.17741935483,110490.28225806452,116578.83870967742,160640.67741935485,172019.70967741936,198368.40322580645,159702.98387096773,177054.75806451612,169221.62903225806,221182.48387096773,217786.62903225806,261605.9193548387,195475.88709677418,270227.3064516129
2002-03-18 15:02:28.073000,nan,53521.25,47896.782258064515,56739.58870967742,70621.79838709677,74732.69354838709,89178.45967741935,116833.93548387097,129624.76612903226,153180.83870967742,163086.75806451612,200022.90322580645,210383.03225806452,243312.24193548388,259206.40322580645,314518.96774193546,293948.6129032258
2002-03-18 15:02:40.064000,nan,56214.95161290323,51864.75806451613,35959.86693548387,41446.12096774193,57775.35887096774,63347.57258064516,81994.51612903226,111302.57258064517,152551.12903225806,194817.14516129033,196998.4516129032,215702.51612903227,265100.32258064515,279828.4516129032,348231.4193548387,395049.6129032258
2002-03-18 15:02:48.057000,nan,51392.532258064515,31945.358870967742,22006.03629032258,23469.925403225807,26999.451612903227,52330.89919354839,67889.84677419355,99222.82258064517,153604.79032258064,188800.56451612903,235621.40322580645,236741.5806451613,264249.2580645161,270052.48387096776,274103.3548387097,279958.2580645161
2002-03-18 15:02:56.050000,nan,153276.25806451612,125607.3870967742,176837.32258064515,227018.14516129033,260550.0,247149.06451612903,284914.7419354839,217557.25806451612,176411.11290322582,98812.5241935484,98490.79032258065,81121.69354838709,49637.8629032258,53329.032258064515,48384.08064516129,54649.27419354839
2002-03-18 15:03:04.045000,nan,94724.75806451614,121792.96774193548,174773.24193548388,164831.96774193548,197907.03225806452,218191.17741935485,236552.12903225806,196338.2258064516,158875.98387096773,116553.9758064516,146028.98387096773,132337.93548387097,130881.5,99219.95161290323,91330.83064516129,38690.032258064515
2002-03-18 15:03:12.038000,nan,236845.7741935484,202737.14516129033,238147.5806451613,221071.46774193548,264661.56451612903,255868.40322580645,268225.06451612903,186892.06451612903,131876.2258064516,51720.967741935485,25476.24193548387,11752.508064516129,11961.935483870968,10122.813508064517,16826.977822580644,12369.173387096775
2002-03-18 15:03:24.029000,nan,141427.5483870968,171310.8064516129,185087.85483870967,218803.40322580645,229532.01612903227,266014.6935483871,209263.5806451613,219033.59677419355,148450.32258064515,109557.1370967742,61362.91935483871,72671.58064516129,77163.70161290323,67942.74193548386,61844.74596774193,30805.141129032258
2002-03-18 15:03:32.022000,nan,170625.25806451612,150975.74193548388,188342.35483870967,226020.12903225806,258746.32258064515,249914.59677419355,300737.0967741936,241160.9193548387,166390.4516129032,85929.45967741935,77774.17741935483,63130.290322580644,92704.87903225806,102310.8870967742,122479.85483870968,156683.64516129033
2002-03-18 15:03:40.016000,nan,253133.6935483871,166914.62903225806,196713.93548387097,183444.74193548388,195708.96774193548,215838.09677419355,221998.25806451612,228789.82258064515,184730.2258064516,136005.79032258064,120113.94354838709,117109.20161290323,120189.54838709677,101134.20161290323,95910.20967741935,70370.20967741935
2002-03-18 15:03:48.010000,nan,380567.70967741933,340006.1935483871,341876.22580645164,336370.32258064515,325229.96774193546,331857.6451612903,292973.4193548387,232538.75806451612,136482.66129032258,66671.70967741935,47349.82661290323,42977.77419354839,39784.278225806454,64749.94758064516,81502.16129032258,111613.37096774194
2002-03-18 15:03:56.004000,nan,341237.9032258064,294511.8387096774,248103.5,272565.3548387097,277446.51612903224,273904.29032258067,252214.53225806452,188877.0483870968,127271.29032258065,89300.87903225806,50580.70564516129,41692.10080645161,30141.451612903227,25651.060483870966,17083.328629032258,14592.533266129032
2002-03-18 15:04:03.997000,nan,292856.22580645164,278001.12903225806,296280.2580645161,298045.9032258064,313592.8064516129,273368.32258064515,234545.5483870968,180922.88709677418,135894.82258064515,110764.00806451614,63693.217741935485,36830.4879032258,22369.225806451614,15377.922379032258,12097.805443548386,6848.950604838709
2002-03-18 15:04:11.992000,nan,243276.98387096773,274900.93548387097,271566.93548387097,324869.29032258067,321792.0967741936,298064.03225806454,253315.70967741936,174150.5,129113.79032258065,91426.79032258065,53277.3629032258,22300.322580645163,12219.936491935483,7066.446068548387,5623.1612903225805,5738.046875
2002-03-18 15:04:19.985000,nan,331567.3870967742,349891.5483870968,316059.32258064515,356150.96774193546,313839.77419354836,285232.9032258064,225069.56451612903,211596.11290322582,149923.66129032258,133966.59677419355,89464.25,57841.49596774193,27759.316532258064,16170.766129032258,11738.927419354839,5628.634576612903
2002-03-18 15:04:27.978000,nan,341908.48387096776,369944.2580645161,338755.70967741933,335108.77419354836,301631.29032258067,300307.12903225806,267770.93548387097,237267.85483870967,176826.06451612903,140188.29032258064,95299.40322580645,68598.81451612903,50065.979838709674,24666.74193548387,13021.852822580646,11983.234879032258
2002-03-18 15:04:35.973000,nan,334263.3870967742,363224.03225806454,354646.5806451613,318244.7419354839,326183.4193548387,305437.3870967742,228627.59677419355,177314.8064516129,125162.41935483871,92836.0241935484,49604.68951612903,30052.641129032258,18429.814516129034,7902.730846774193,7162.461693548387,3418.6799395161293
2002-03-18 15:04:43.966000,nan,446181.51612903224,410873.96774193546,385086.77419354836,339498.6451612903,294991.70967741933,242806.5806451613,217969.46774193548,176647.40322580645,134713.62096774194,65871.49596774194,36570.58064516129,17841.582661290322,5984.648185483871,3877.1360887096776,0.0,0.0
2002-03-18 15:04:51.960000,nan,464260.06451612903,418927.29032258067,420465.67741935485,389335.12903225806,340301.7419354839,305639.7419354839,250809.7741935484,172353.29032258064,115391.99193548386,68534.76612903226,34806.52419354839,18998.59677419355,15566.168346774193,10823.29939516129,13419.723790322581,24056.33870967742
2002-03-18 15:04:59.954000,nan,553538.1935483871,447594.48387096776,405652.48387096776,370507.70967741933,319636.51612903224,262101.5483870968,211224.03225806452,137043.46774193548,85048.12903225806,42313.77419354839,35396.375,15897.467741935483,15709.373991935483,8489.381048387097,12023.280241935483,17755.326612903227
2002-03-18 15:05:07.932000,nan,405632.6129032258,413109.51612903224,381168.5483870968,376393.29032258067,335430.3870967742,290222.48387096776,237769.37096774194,154755.37096774194,88608.43548387097,43670.18951612903,36869.2379032258,27599.548387096773,21275.32056451613,9163.072580645161,5831.237903225807,7435.263608870968
2002-03-18 15:05:15.925000,nan,443045.7419354839,429238.6129032258,427160.8387096774,383893.5483870968,349104.8387096774,284597.12903225806,249202.7258064516,162765.03225806452,116688.15322580645,81223.5241935484,54810.89112903226,18711.94556451613,13215.100806451614,8088.913306451613,10308.421370967742,17180.69556451613
2002-03-18 15:05:23.920000,nan,459706.3870967742,465214.32258064515,435416.9032258064,424016.0,348777.3548387097,280571.8064516129,191226.32258064515,124988.4758064516,102331.16129032258,49689.68951612903,29467.342741935485,7890.662298387097,3568.9314516129034,3776.125,0.0,0.0
2002-03-18 15:05:31.913000,nan,343190.67741935485,395084.2580645161,388116.3548387097,386152.48387096776,296915.4193548387,238713.33870967742,208154.17741935485,141809.64516129033,91095.93548387097,47766.24193548387,25242.002016129034,12663.582661290322,10020.629032258064,6311.359375,8126.050403225807,2740.1507056451615
2002-03-18 15:05:39.906000,nan,440711.6451612903,402812.0967741936,360089.48387096776,328521.8064516129,300203.6129032258,243415.1935483871,194179.12903225806,120034.78225806452,67281.98387096774,34705.31451612903,18796.102822580644,17237.288306451614,11047.104838709678,7891.9848790322585,9369.276209677419,2279.1204637096776
2002-03-18 15:05:47.901000,nan,499049.67741935485,455901.1612903226,424779.93548387097,380311.70967741933,315622.8387096774,256199.11290322582,194138.98387096773,143039.7741935484,81542.67741935483,49258.9314516129,25988.362903225807,14704.936491935483,8867.646169354839,9996.34375,9257.557459677419,10290.52822580645
2002-03-18 15:05:55.894000,nan,379964.0,415283.4193548387,383395.22580645164,389522.96774193546,351047.06451612903,279532.5806451613,226125.48387096773,126736.2258064516,67183.93548387097,28658.639112903227,23371.877016129034,15224.032258064517,8899.929435483871,4695.746975806452,3084.624495967742,6169.248991935484
2002-03-18 15:06:03.888000,nan,398192.29032258067,369679.29032258067,344076.03225806454,301543.1612903226,259556.5,217129.0806451613,177168.40322580645,122035.19354838709,72663.91935483871,35834.209677419356,16885.058467741936,8502.216733870968,7214.853830645161,6448.9994959677415,7588.2605846774195,2283.8961693548385
2002-03-18 15:06:11.882000,nan,386555.67741935485,357717.4516129032,331832.77419354836,337416.7419354839,296255.48387096776,250590.37096774194,211951.82258064515,144089.5806451613,91983.7741935484,45994.596774193546,29673.33870967742,15345.998991935483,6789.169354838709,2731.8107358870966,0.0,0.0
2002-03-18 15:06:19.875000,nan,383943.4193548387,359915.03225806454,381401.5806451613,367831.77419354836,350904.2580645161,329290.1612903226,246540.0806451613,197056.5483870968,115407.25806451614,65715.00806451614,27435.36693548387,18899.78629032258,10415.510080645161,7674.59375,8413.10635080645,7703.642641129032
2002-03-18 15:06:27.870000,nan,503129.1612903226,445088.48387096776,380315.5483870968,317142.77419354836,274553.03225806454,219972.06451612903,177838.59677419355,137091.74193548388,84309.21774193548,46565.61693548387,35273.10887096774,19421.149193548386,14007.311491935483,6295.090221774193,7550.545362903225,2740.8659274193546
2002-03-18 15:06:35.863000,nan,415313.48387096776,315903.06451612903,323639.6451612903,313460.1612903226,322202.12903225806,285715.22580645164,267389.2419354839,193003.75806451612,128220.62903225806,62256.028225806454,33475.11491935484,13349.220766129032,5461.907258064516,8194.899697580646,10646.009072580646,17743.350806451614
2002-03-18 15:06:43.857000,nan,369252.4516129032,362360.06451612903,356792.29032258067,379754.0,394095.6451612903,371445.7419354839,285092.1935483871,228267.3064516129,111827.15322580645,76456.9758064516,55051.49596774193,40436.540322580644,27979.6189516129,13048.077620967742,12089.51310483871,5162.393145161291
2002-03-18 15:06:51.850000,nan,300591.22580645164,327250.1935483871,366371.0967741936,370993.87096774194,353262.7419354839,349132.32258064515,277251.29032258067,234783.87096774194,181946.06451612903,93649.8870967742,59863.86693548387,20387.300403225807,8648.814516129032,4874.9737903225805,2738.5569556451615,2738.5569556451615
2002-03-18 15:06:59.845000,nan,394584.48387096776,404320.67741935485,428142.48387096776,406005.3870967742,356397.4516129032,339384.96774193546,265318.29032258067,203761.7741935484,171574.74193548388,107178.94354838709,71535.62903225806,24271.842741935485,14190.232862903225,7262.979838709677,5989.674395161291,9240.792338709678
2002-03-18 15:07:07.838000,nan,478212.51612903224,431283.87096774194,409327.5483870968,367107.5483870968,371783.96774193546,360230.5483870968,265056.4193548387,165093.96774193548,97263.15322580645,39932.217741935485,23778.91129032258,15951.823588709678,18324.310483870966,12569.161290322581,13816.678427419354,9026.792338709678
2002-03-18 15:07:15.832000,nan,360434.51612903224,425114.48387096776,421785.4516129032,374102.51612903224,343621.87096774194,290167.7419354839,190215.14516129033,120818.78225806452,60875.8185483871,34045.528225806454,19487.99193548387,12230.521169354839,10092.222782258064,10891.09375,7452.0262096774195,7807.155241935484
2002-03-18 15:07:23.826000,nan,325293.03225806454,366636.9032258064,376408.8064516129,349119.1935483871,310673.03225806454,262982.6451612903,204207.82258064515,138084.56451612903,71975.6370967742,50689.92741935484,33644.10685483871,32733.95564516129,27897.066532258064,18193.850806451614,18562.548387096773,23128.5685483871
2002-03-18 15:07:31.819000,nan,318330.29032258067,316711.03225806454,333082.9032258064,296995.4193548387,287218.51612903224,248221.40322580645,183412.0,112327.04032258065,61776.584677419356,36810.20564516129,26468.322580645163,26483.453629032258,18046.447580645163,12500.421370967742,5571.180443548387,0.0
2002-03-18 15:07:39.814000,nan,289153.93548387097,337080.3870967742,389608.51612903224,347757.06451612903,303412.67741935485,271008.5483870968,213174.5,172467.67741935485,109906.29838709677,71988.91935483871,35012.19758064516,14071.18447580645,4841.118447580645,1821.4034778225807,3035.669858870968,2732.1028225806454
2002-03-18 15:07:47.807000,nan,353282.4516129032,356519.2580645161,340018.29032258067,329129.9032258064,281192.5806451613,254449.16129032258,194669.9516129032,150829.90322580645,101918.85483870968,61817.9435483871,35643.770161290326,22148.5685483871,14417.822580645161,7858.663306451613,1522.3035534274193,0.0
2002-03-18 15:07:55.800000,nan,407335.0,412419.0967741936,337337.0,327686.70967741933,271481.0967741936,260100.75806451612,233345.6935483871,176964.2741935484,121271.62096774194,64413.375,51677.20564516129,29733.421370967742,29067.40927419355,23878.689516129034,26841.620967741936,17850.53629032258
2002-03-18 15:08:03.779000,nan,511470.70967741933,495222.1612903226,465457.8064516129,399269.22580645164,367347.2580645161,290105.0967741936,209471.17741935485,169106.96774193548,137215.01612903227,98884.59677419355,68686.73387096774,39061.33870967742,25504.8810483871,16810.61189516129,15972.178427419354,19452.483870967742
2002-03-18 15:08:11.773000,nan,346627.06451612903,379363.96774193546,401665.2580645161,387657.77419354836,341131.93548387097,320153.32258064515,266157.4516129032,194463.85483870967,124527.53225806452,73337.98387096774,36980.50403225807,23339.502016129034,16306.334677419354,12810.16935483871,8559.183467741936,6840.030241935484
2002-03-18 15:08:19.766000,nan,297148.8064516129,311389.12903225806,344301.03225806454,371397.03225806454,359975.8064516129,302836.03225806454,206144.37096774194,149295.7258064516,76985.23387096774,48279.2620967742,16669.894153225807,13412.439516129032,1955.6519657258063,2415.8049395161293,3041.2006048387098,0.0
2002-03-18 15:08:27.760000,nan,365643.67741935485,335746.2580645161,348504.32258064515,355800.77419354836,328836.87096774194,288429.0,251355.17741935485,192257.12903225806,138977.01612903227,90901.84677419355,39504.29838709677,21416.086693548386,16052.54435483871,15319.167338709678,9518.277217741936,6182.174395161291
2002-03-18 15:08:35.754000,nan,371026.51612903224,432209.29032258067,401535.4193548387,371013.8387096774,334974.8064516129,295248.2580645161,222649.11290322582,172332.51612903227,106125.7741935484,74173.37096774194,43868.3870967742,27061.163306451614,15017.808467741936,10246.626008064517,0.0,0.0
2002-03-18 15:08:43.747000,nan,362832.6451612903,311941.5806451613,359586.8387096774,355013.93548387097,358279.67741935485,311082.51612903224,244852.75806451612,184352.5806451613,102196.29838709677,67336.16935483871,30664.832661290322,16577.55443548387,9413.576612903225,9865.833669354839,9119.82560483871,0.0
2002-03-18 15:08:51.741000,nan,436028.32258064515,408343.5483870968,354145.6451612903,367790.87096774194,327626.6451612903,309927.48387096776,241258.66129032258,182200.32258064515,111977.67741935483,67567.27822580645,35205.721774193546,12230.661290322581,6289.9375,6559.90625,5005.389616935484,6882.407762096775
2002-03-18 15:08:59.735000,nan,446309.48387096776,447029.4516129032,402438.32258064515,377776.8064516129,396876.03225806454,373909.12903225806,307354.29032258067,198905.11290322582,124662.54032258065,54026.62096774193,30538.73185483871,11050.829637096775,6200.290826612903,4126.2807459677415,5596.975806451613,5596.975806451613
2002-03-18 15:09:07.728000,nan,365520.3870967742,325307.4516129032,334040.1612903226,302563.8387096774,311449.51612903224,257927.1935483871,239669.4516129032,190498.33870967742,127735.42741935483,100843.16129032258,44676.92338709677,39825.104838709674,23702.959677419356,27514.217741935485,19357.808467741936,14378.679435483871
2002-03-18 15:09:15.723000,nan,255033.32258064515,255933.1935483871,234313.5483870968,268468.8064516129,268710.37096774194,265439.96774193546,246853.2741935484,190392.93548387097,148510.93548387097,84222.48387096774,67998.3629032258,42611.334677419356,31829.729838709678,17548.135080645163,10877.51814516129,8951.288306451614
2002-03-18 15:09:23.716000,nan,245588.5,262131.2258064516,262118.01612903227,298714.93548387097,311361.6451612903,284702.87096774194,236085.98387096773,196216.0,160910.87096774194,128890.59677419355,109295.91129032258,55731.81048387097,35072.471774193546,22465.808467741936,7813.390625,5024.2651209677415
2002-03-18 15:09:31.711000,nan,402097.70967741933,339560.1935483871,322531.5806451613,304580.87096774194,285549.1612903226,269662.79032258067,240922.98387096773,167264.3064516129,137189.74193548388,70789.66129032258,43002.79838709677,21854.524193548386,10021.314516129032,6145.080645161291,3041.2006048387098,4561.8074596774195
2002-03-18 15:09:39.704000,nan,274399.93548387097,310000.70967741933,309966.5483870968,326532.12903225806,308678.06451612903,267946.2419354839,237906.74193548388,209874.0,131264.78225806452,102722.96774193548,54052.97580645161,36400.407258064515,19871.560483870966,15744.408266129032,18879.26814516129,25783.600806451614
2002-03-18 15:09:51.694000,nan,557681.4838709678,530405.3548387097,414866.51612903224,368140.6129032258,331221.9032258064,299992.4193548387,230832.59677419355,158065.17741935485,117872.96774193548,59642.67741935484,39107.16129032258,18724.219758064515,12197.591733870968,13066.391129032258,14390.352822580646,8210.238911290322
2002-03-18 15:09:59.687000,nan,399973.48387096776,403235.4193548387,396283.93548387097,355765.0967741936,336882.06451612903,312070.87096774194,237563.01612903227,166518.43548387097,126985.33064516129,58099.18548387097,35930.020161290326,6599.420362903225,5448.300403225807,5779.534274193548,6184.5887096774195,0.0
2002-03-18 15:10:07.682000,nan,544335.7419354839,460375.1935483871,384038.3870967742,385969.0,337637.32258064515,293636.51612903224,216454.12903225806,155432.4516129032,114254.0,69366.87903225806,49678.5120967742,25324.733870967742,40793.93548387097,48916.217741935485,86523.6370967742,48785.471774193546
2002-03-18 15:10:15.675000,nan,359201.3548387097,372379.96774193546,359759.4193548387,314809.2580645161,317123.29032258067,281738.2580645161,213078.83870967742,179417.46774193548,106737.09677419355,74069.62903225806,32925.42741935484,22634.167338709678,6158.262600806452,2623.3099798387098,0.0,0.0
2002-03-18 15:10:23.670000,nan,200349.9516129032,226687.01612903227,292176.3870967742,328569.8387096774,311626.8387096774,259230.0483870968,230331.3064516129,155961.62903225806,100312.82258064517,53158.979838709674,37669.74596774193,23443.75806451613,15811.258064516129,12223.76310483871,7879.868447580645,0.0
2002-03-18 15:10:31.663000,nan,212947.16129032258,255096.16129032258,302887.12903225806,332921.3548387097,326232.3870967742,314749.29032258067,295094.12903225806,231969.62903225806,137734.2258064516,56193.528225806454,33580.3185483871,5769.872983870968,2907.717741935484,852.584488407258,0.0,0.0
2002-03-18 15:10:39.656000,nan,218416.11290322582,316259.87096774194,322894.77419354836,361585.96774193546,305693.29032258067,281086.93548387097,237794.4193548387,169452.85483870967,94960.20161290323,50037.11693548387,30205.375,15147.273185483871,12737.983870967742,7234.780241935484,8505.917338709678,7768.548387096775
2002-03-18 15:10:47.635000,nan,218547.67741935485,315157.0967741936,307669.6451612903,314061.93548387097,319599.0,308197.93548387097,269150.0483870968,219019.70967741936,148359.7258064516,92499.6129032258,41099.278225806454,34023.66129032258,15371.202620967742,2203.3014112903224,3084.624495967742,0.0
2002-03-18 15:10:55.629000,nan,302287.03225806454,344652.70967741933,349105.8387096774,371996.0,336996.0,294567.6129032258,246499.85483870967,203486.17741935485,135371.11290322582,87991.78225806452,45455.145161290326,30249.552419354837,23082.002016129034,9041.520161290322,11288.852822580646,0.0
2002-03-18 15:11:03.622000,nan,301229.67741935485,358823.67741935485,355660.77419354836,347701.32258064515,330169.48387096776,315473.5806451613,261127.83870967742,203005.67741935485,122269.7258064516,88923.5241935484,41428.596774193546,33617.79435483871,13421.101814516129,3888.8472782258063,3097.430191532258,0.0
2002-03-18 15:11:11.616000,nan,296987.7419354839,344289.67741935485,320103.3548387097,307993.0,314636.5806451613,283371.8387096774,222360.87096774194,164307.93548387097,75754.2258064516,57638.217741935485,22062.016129032258,15336.572580645161,6692.9324596774195,5912.1769153225805,1586.8341733870968,0.0
2002-03-18 15:11:19.610000,nan,183091.96774193548,294890.87096774194,310503.8064516129,335513.9032258064,311525.6129032258,283085.0,239412.14516129033,198562.53225806452,96608.06451612903,58183.0685483871,30761.663306451614,15841.467741935483,8289.277721774193,10329.738911290322,13781.921370967742,15486.46875
2002-03-18 15:11:27.603000,nan,324853.1935483871,353307.4193548387,388658.87096774194,385223.1935483871,331758.22580645164,272679.3548387097,215950.5483870968,140611.51612903227,93329.23387096774,54664.55241935484,42252.79838709677,29853.5685483871,14624.04435483871,6839.571572580645,0.0,0.0
2002-03-18 15:11:35.598000,nan,272289.8387096774,397610.8064516129,418613.93548387097,390615.51612903224,357808.32258064515,285134.1935483871,228023.06451612903,182293.48387096773,110337.04032258065,76383.17741935483,42518.334677419356,28802.139112903227,18611.01814516129,8068.903225806452,7768.548387096775,7768.548387096775
2002-03-18 15:11:43.591000,nan,235579.5806451613,237574.3064516129,269760.2419354839,312866.9032258064,301442.70967741933,250825.9193548387,200269.61290322582,127109.29838709677,91671.50806451614,59757.75403225807,44693.32258064516,23941.887096774193,24652.844758064515,14576.882056451614,6999.658770161291,0.0
2002-03-18 15:11:51.585000,nan,282100.22580645164,255078.4516129032,287665.8064516129,307387.03225806454,320229.1612903226,266979.7580645161,210815.51612903227,142710.38709677418,102078.12096774194,56919.55241935484,39601.20161290323,21575.78427419355,18377.038306451614,11205.654233870968,3083.2399193548385,0.0
2002-03-18 15:11:59.579000,nan,326958.93548387097,289334.5483870968,365510.2580645161,329183.4193548387,341284.51612903224,263769.51612903224,212048.1935483871,158947.67741935485,114077.43548387097,68321.08064516129,52462.16935483871,34092.5685483871,23446.858870967742,11621.852822580646,3851.821320564516,0.0
2002-03-18 15:12:07.572000,nan,190739.5806451613,198907.75806451612,256385.1935483871,275201.4193548387,302428.96774193546,294279.12903225806,248011.59677419355,197575.74193548388,113548.60483870968,71687.54032258065,41448.96370967742,23608.8185483871,13061.217741935483,7612.183467741936,10321.76814516129,0.0
2002-03-18 15:12:15.566000,nan,288772.51612903224,255392.35483870967,297803.12903225806,295227.0,322098.51612903224,275998.22580645164,232668.20967741936,173825.90322580645,130098.56451612903,70114.0241935484,48831.145161290326,22105.564516129034,15353.201612903225,4455.007056451613,7796.262600806452,0.0
2002-03-18 15:12:23.560000,nan,271447.48387096776,327747.5483870968,343038.96774193546,286337.0,280981.4516129032,204956.0806451613,172841.64516129033,117369.60483870968,91267.90322580645,52370.75403225807,24353.324596774193,9262.612903225807,2051.7420614919356,1710.0094506048388,1519.4155745967741,0.0
2002-03-18 15:12:31.554000,nan,508420.7419354839,466480.7419354839,412519.4193548387,388890.48387096776,336947.87096774194,270491.9516129032,174739.56451612903,135265.9435483871,71029.91129032258,55677.25403225807,18958.53629032258,8197.0625,4236.2237903225805,0.0,6939.693548387097,15614.290322580646
2002-03-18 15:12:39.547000,nan,401208.6129032258,401678.03225806454,356364.77419354836,340513.48387096776,324595.4193548387,269572.5483870968,208307.12903225806,157045.6935483871,101552.74193548386,61466.27419354839,28844.191532258064,30197.879032258064,22586.5685483871,19002.711693548386,7445.066532258064,0.0
2002-03-18 15:12:47.542000,nan,426094.4516129032,345754.1935483871,390793.3870967742,314870.96774193546,341568.4193548387,263560.72580645164,211908.85483870967,145616.0806451613,100906.12903225806,53592.0,40409.467741935485,33542.471774193546,19952.71370967742,14722.767137096775,11334.872983870968,0.0
2002-03-18 15:12:55.535000,nan,166706.4193548387,290264.6451612903,394818.5806451613,346979.6451612903,356403.8064516129,276588.87096774194,238012.11290322582,155267.3064516129,104619.4758064516,64167.028225806454,62904.24193548387,43391.290322580644,33162.6129032258,24590.495967741936,19443.532258064515,0.0
2002-03-18 15:13:03.529000,nan,248508.12903225806,326805.1612903226,298699.48387096776,320792.9032258064,363670.1612903226,298288.87096774194,244273.88709677418,172845.38709677418,112487.81451612903,91383.89516129032,61784.5120967742,36690.415322580644,22550.4375,19151.407258064515,17207.641129032258,0.0
2002-03-18 15:13:11.523000,nan,263478.5483870968,246633.29032258064,337095.5806451613,320563.87096774194,335789.3548387097,285354.48387096776,255907.64516129033,183923.98387096773,126987.20161290323,86782.82258064517,67446.93548387097,45582.50806451613,27556.475806451614,5990.905241935484,3430.1766633064517,0.0
2002-03-18 15:13:19.516000,nan,173735.9516129032,172606.9516129032,248953.75806451612,284512.4516129032,314111.3870967742,273639.87096774194,228723.2258064516,185350.53225806452,122594.18548387097,98413.87096774194,50613.971774193546,34561.23387096774,19411.6814516129,14404.323588709678,10359.522177419354,0.0
2002-03-18 15:13:27.509000,nan,253502.35483870967,290183.93548387097,279401.5483870968,349507.67741935485,297511.1612903226,293247.32258064515,235344.64516129033,170987.2741935484,108559.51612903226,74346.96774193548,64465.782258064515,38178.395161290326,29938.782258064515,24440.637096774193,3452.689012096774,0.0
2002-03-18 15:13:35.488000,nan,228615.61290322582,232601.37096774194,329361.6451612903,306731.96774193546,325032.06451612903,271087.96774193546,243129.64516129033,187685.64516129033,146018.70967741936,75505.00806451614,55771.0,34160.81451612903,19943.975806451614,11860.594758064517,6900.023185483871,0.0
2002-03-18 15:13:43.482000,nan,236808.2741935484,256252.9193548387,356945.29032258067,316022.77419354836,282314.8064516129,231672.38709677418,219321.1935483871,176868.62903225806,135984.14516129033,80038.16935483871,57257.653225806454,24215.002016129034,25311.895161290322,24126.344758064515,20863.870967741936,0.0
2002-03-18 15:13:51.475000,nan,239445.09677419355,264195.4032258064,352570.4516129032,337640.96774193546,344398.6451612903,295310.4193548387,260794.66129032258,185326.09677419355,127688.84677419355,68763.00806451614,53648.334677419356,22343.762096774193,16782.854838709678,9299.679435483871,17231.745967741936,31059.84677419355
2002-03-18 15:13:59.469000,nan,213144.98387096773,233212.03225806452,358579.0,369337.7419354839,361120.8064516129,305176.5483870968,284746.4193548387,219064.09677419355,142233.93548387097,81178.34677419355,60523.20161290323,29207.96572580645,21294.65927419355,11137.342741935483,11423.96875,0.0
2002-03-18 15:14:07.463000,nan,294708.03225806454,285843.12903225806,358651.51612903224,340145.8387096774,359781.03225806454,311462.4516129032,292479.3870967742,216093.0483870968,154365.7258064516,75191.49193548386,53189.229838709674,35101.04435483871,29597.921370967742,23617.870967741936,30657.673387096773,7704.998991935484
2002-03-18 15:14:15.456000,nan,179421.16129032258,196305.9193548387,313792.0967741936,312404.0,357778.77419354836,325008.3870967742,307495.1935483871,207674.8064516129,157263.79032258064,68582.03225806452,52311.0,29382.1935483871,12504.672379032258,11552.145161290322,7921.425907258064,0.0
2002-03-18 15:14:23.451000,nan,123997.01612903226,202504.67741935485,315719.29032258067,302711.93548387097,354824.8387096774,311801.22580645164,328052.0,220926.53225806452,163370.0483870968,49696.78629032258,34414.528225806454,19781.77822580645,23102.048387096773,20457.237903225807,29538.719758064515,30949.360887096773
2002-03-18 15:14:31.444000,nan,260044.74193548388,356377.6129032258,384959.8064516129,384327.51612903224,338465.67741935485,330603.29032258067,297331.06451612903,262104.8064516129,154229.74193548388,100618.91129032258,54575.00806451613,27557.264112903227,14288.785282258064,4792.818548387097,3427.358366935484,0.0
2002-03-18 15:14:39.439000,nan,318829.93548387097,357293.0,368182.87096774194,370122.9032258064,314443.9032258064,310760.22580645164,255558.01612903227,212792.03225806452,133528.35483870967,90744.1370967742,43291.46370967742,26690.600806451614,24178.3064516129,23755.3810483871,28709.913306451614,0.0
2002-03-18 15:14:47.432000,nan,123955.66129032258,217725.7741935484,296071.3548387097,288470.5483870968,311532.3870967742,266575.8064516129,267053.48387096776,181563.66129032258,148070.12903225806,62095.467741935485,51025.3629032258,21920.262096774193,12709.19052419355,12138.08064516129,3427.358366935484,0.0
2002-03-18 15:14:55.425000,nan,214062.38709677418,238291.51612903227,277938.51612903224,287353.67741935485,337138.8387096774,309146.8064516129,279748.77419354836,190582.4516129032,139267.11290322582,62623.66129032258,46228.75,20581.163306451614,23273.28629032258,14001.033266129032,19411.03427419355,15480.114919354839
