2002-03-18 14:15:00.256000,-10.916350364685059,9.969746099065084,27.051234856311797
2002-03-18 14:15:04.273000,-34.09598922729492,14.799296357118713,22.02916792268293
2002-03-18 14:15:08.290000,-16.448040008544922,17.0331198155594,25.71745271382353
2002-03-18 14:15:12.307000,-19.90498924255371,9.431610213180896,36.726898668997556
2002-03-18 14:15:16.324000,-18.780569076538086,6.226135050793904,24.646012187490975
2002-03-18 14:15:20.331000,-5.500009059906006,10.155559868557681,30.503334510958577
2002-03-18 14:15:24.348000,-14.084830284118652,12.642873680933068,46.45323419923666
2002-03-18 14:15:28.365000,-14.282059669494629,18.50479885445173,32.92560583234882
2002-03-18 14:15:32.383000,-2.7285280227661133,13.958013573000365,31.71105753989952
2002-03-18 14:15:36.400000,-15.887800216674805,-1.8670474805445574,31.63506476822198
2002-03-18 14:15:40.417000,-11.903459548950195,19.85713403082786,31.989551247448006
2002-03-18 14:15:44.434000,-36.3149299621582,2.2839090374461755,30.352057907699063
2002-03-18 14:15:48.451000,-16.8375301361084,-2.2725959329544168,20.87709678899223
2002-03-18 14:15:52.468000,-31.214780807495117,8.22333497435862,3.169425496544105
2002-03-18 14:15:56.486000,-7.673104763031006,15.559261511312828,19.298728259748422
2002-03-18 14:16:00.503000,-2.1542270183563232,-4.991941755817631,9.187498721076892
2002-03-18 14:16:04.520000,-11.393830299377441,9.631327761395552,18.340909019723604
2002-03-18 14:16:08.537000,-18.41514015197754,15.487068682328179,14.965704314609233
2002-03-18 14:16:12.554000,-12.98488998413086,4.934250169530826,3.5379180459914443
2002-03-18 14:16:16.571000,10.58180046081543,31.29984732693978,5.51093735984201
2002-03-18 14:16:20.589000,-4.608634948730469,42.08645202179876,13.071872865423497
2002-03-18 14:16:24.611000,-18.48440933227539,-8.125940412733607,28.97274922358943
2002-03-18 14:16:28.628000,-10.01891040802002,0.3189180127950064,7.379850514296471
2002-03-18 14:16:32.645000,10.486709594726562,11.665256044239005,13.17021553290911
2002-03-18 14:16:36.663000,-29.985929489135742,35.309800143857444,5.594930505785998
2002-03-18 14:16:40.680000,0.42982089519500727,7.325280062976496,3.5243300939164026
2002-03-18 14:16:44.697000,-9.992780685424805,11.470043890589928,5.898996727975335
2002-03-18 14:16:48.714000,-43.69163131713867,43.72429317323457,9.513874242159773
2002-03-18 14:16:52.731000,-4.828031063079834,-2.798761928830967,8.076149119831433
2002-03-18 14:16:56.748000,-17.529369354248047,12.018899394623645,12.766184626665755
2002-03-18 14:17:00.766000,-0.4186291992664337,-1.583229234366036,8.765439424466438
2002-03-18 14:17:04.783000,-1.0289080142974854,5.759948587265213,1.5449505153844976
2002-03-18 14:17:08.800000,-19.61947059631348,13.152775042218707,17.688931640191733
2002-03-18 14:17:12.817000,0.07675664871931077,14.858801229747371,5.26116215595888
2002-03-18 14:17:16.834000,-29.991720199584968,1.6669514172245776,36.50562954527569
2002-03-18 14:17:20.851000,5.4132351875305185,19.1173934279639,8.880077621865146
2002-03-18 14:17:24.869000,-1.7327150106430058,3.036906980010295,-5.5657873226133345
2002-03-18 14:17:28.885000,2.66537094116211,-4.535106282978902,17.042726112697995
2002-03-18 14:17:32.902000,-0.7524225115776064,11.664577905577323,21.857202020875377
2002-03-18 14:17:36.919000,11.785750389099123,-15.920945074327632,26.275299880571662
2002-03-18 14:17:40.937000,-4.923925876617432,12.318033127342572,3.135674495477757
2002-03-18 14:17:44.954000,20.981399536132812,9.504794596264027,-8.376898229142517
2002-03-18 14:17:48.971000,24.948339462280273,23.17920611753389,2.1194968423591245
2002-03-18 14:17:52.988000,22.4952392578125,3.150410746129128,-12.000326479994206
2002-03-18 14:17:57.005000,3.0110390186309814,19.836822627299664,6.699881113052371
2002-03-18 14:18:01.022000,30.30303955078125,-9.597595649249289,-21.457255877827297
2002-03-18 14:18:05.040000,-3.6365621089935303,13.76582601064089,20.80199738052053
2002-03-18 14:18:09.057000,9.407172203063965,9.887855908751357,14.561710627963265
2002-03-18 14:18:13.074000,-11.39733028411865,-29.821043683230457,-2.3735001060844843
2002-03-18 14:18:17.091000,0.129287302494049,-2.4765671761562613,19.70319929593203
2002-03-18 14:18:21.108000,32.387859344482415,1.1947665338974427,8.93763791671064
2002-03-18 14:18:25.125000,7.119481086730956,-6.720455924773338,30.0333490523035
2002-03-18 14:18:29.142000,-8.251068115234373,19.764192940224465,11.732705864105943
2002-03-18 14:18:33.160000,-7.243317127227782,27.43807290170707,0.5640632734585012
2002-03-18 14:18:37.177000,9.48457336425781,-5.10985474025513,6.073389840603285
2002-03-18 14:18:41.194000,1.2261199951171873,-4.067485906161161,21.083503655053693
2002-03-18 14:18:45.211000,20.03713989257812,1.031822734546094,6.503385403353075
2002-03-18 14:18:49.229000,0.3212887048721313,-6.963431766964284,15.296336363042439
2002-03-18 14:18:53.246000,5.48454713821411,0.36341213011110574,0.010368311090125606
2002-03-18 14:18:57.263000,11.178480148315428,8.610094112623287,12.940757614348078
2002-03-18 14:19:01.280000,-26.00892066955566,18.9315028683951,-11.917555924633838
2002-03-18 14:19:05.297000,25.624719619750973,7.515616648558436,8.70359505821569
2002-03-18 14:19:09.314000,-10.486140251159666,10.40617972161716,10.41089898275494
2002-03-18 14:19:13.332000,-8.356410026550291,-2.4571720871237273,-5.613716121567874
2002-03-18 14:19:17.349000,21.069089889526367,-4.1560056064878195,5.906184428104816
2002-03-18 14:19:21.366000,-34.383731842041016,42.59895630919482,15.967099629830956
2002-03-18 14:19:25.383000,-14.989089965820312,19.784793379934484,15.081101346163845
2002-03-18 14:19:29.400000,-0.05738167092204092,16.59104738232532,21.525336730660456
2002-03-18 14:19:33.417000,-43.75917053222656,40.401151727529424,-9.774254511019876
2002-03-18 14:19:37.440000,3.1058549880981445,25.177780592917564,-7.811305608502273
2002-03-18 14:19:41.457000,-0.1127932965755462,17.689604999127905,-13.513941439129178
2002-03-18 14:19:45.474000,-3.4333510398864746,4.303345632763877,-7.178555047126338
2002-03-18 14:19:49.491000,-3.670219898223877,-5.356376345763034,5.414762813129575
2002-03-18 14:19:53.509000,18.036840438842773,-1.6810820235600215,34.25841325225488
2002-03-18 14:19:57.526000,-6.613842964172363,19.585551237901132,13.171553121264107
2002-03-18 14:20:01.543000,25.8837890625,14.200142952770426,-10.632733544551268
2002-03-18 14:20:05.560000,12.987680435180664,20.441822841071247,21.047024311212
2002-03-18 14:20:09.577000,-5.225696086883545,3.9689962855872736,4.159717122690932
2002-03-18 14:20:13.594000,-12.818010330200195,-0.5576611733321578,3.1899104833152916
2002-03-18 14:20:17.612000,25.752119064331055,14.31100263695593,17.0656064878661
2002-03-18 14:20:21.629000,24.436279296875,-6.525176630189874,-0.1258477710331385
2002-03-18 14:20:25.646000,19.387380599975586,-3.5923613261821092,-0.513748837676307
2002-03-18 14:20:29.663000,0.39145201444625854,-3.4943591702300516,-7.2368718498726246
2002-03-18 14:20:33.680000,7.961370944976807,-3.819043655228694,-5.474209622772251
2002-03-18 14:20:37.697000,22.070709228515625,-1.0789915686937395,-29.33938739531965
2002-03-18 14:20:41.715000,12.565150260925293,0.5424878089042435,4.366150573108554
2002-03-18 14:20:45.732000,31.51173973083496,-18.003317319017597,13.656150849884916
2002-03-18 14:20:49.749000,2.899158000946045,16.831734229061887,-7.024044479722277
2002-03-18 14:20:53.766000,-12.578680038452148,16.26128900176041,-0.8417656709642349
2002-03-18 14:20:57.784000,4.634519100189209,11.368373273384334,11.481526516235434
2002-03-18 14:21:01.801000,-13.718350410461426,2.1061987417761174,-16.110636299407094
2002-03-18 14:21:05.818000,8.413256645202637,27.103362819634047,-6.440330063191995
2002-03-18 14:21:09.835000,-0.009781898930668893,-25.023901836087187,7.368211055647963
2002-03-18 14:21:13.852000,19.257280349731445,-11.854177466022461,6.468458547593556
2002-03-18 14:21:17.869000,11.832369804382324,1.4739705663236287,-1.5913710070359162
2002-03-18 14:21:21.887000,10.187509536743164,11.690533979464986,17.958676152752975
2002-03-18 14:21:25.904000,7.292160987854006,-4.373535861147233,-8.155895278471585
2002-03-18 14:21:29.921000,18.32732963562012,-1.6253015106922644,5.536674305484918
2002-03-18 14:21:33.938000,-7.985761165618898,-1.0652401877911695,16.287443608509165
2002-03-18 14:21:37.955000,18.248840332031254,-4.947863301619679,11.987377751551834
2002-03-18 14:21:41.972000,-25.284280776977546,0.45093864972891096,8.735508267194517
2002-03-18 14:21:45.978000,-12.309749603271488,29.235023248974397,9.180595421906284
2002-03-18 14:21:49.995000,-8.875302314758303,1.9704215290624087,2.4739958697992073
2002-03-18 14:21:54.013000,2.5633270740509038,9.698414747774217,19.291364885128694
2002-03-18 14:21:58.030000,2.6845428943634033,-13.256365966137098,33.44289949873644
2002-03-18 14:22:02.047000,1.912348985671997,15.46175999914212,22.207128060047605
2002-03-18 14:22:06.064000,27.721420288085938,43.23793408285392,-0.156318463558053
2002-03-18 14:22:10.081000,-39.39912033081055,24.385452975766658,13.960198830851699
2002-03-18 14:22:14.098000,10.653849601745605,5.521990139109295,9.758535983464334
2002-03-18 14:22:18.116000,23.723079681396484,23.832184611664623,-8.997942805578441
2002-03-18 14:22:22.133000,-11.669130325317383,-6.878841219762787,16.704333782589252
2002-03-18 14:22:26.150000,2.4390809535980225,4.550436694743202,-5.526834198802573
2002-03-18 14:22:30.167000,6.404417037963866,-12.464104375855085,10.479121094848603
2002-03-18 14:22:34.184000,-34.13599014282226,-6.275599921403426,26.344083083225122
2002-03-18 14:22:38.201000,-3.86568808555603,-7.678106282039943,0.46798191344686213
2002-03-18 14:22:42.218000,16.080909729003903,3.363985925181713,9.57354661135543
2002-03-18 14:22:46.236000,-8.974955558776854,10.350276830305747,-7.974875894448383
2002-03-18 14:22:50.253000,13.185339927673338,8.794443062740529,11.246248539670411
2002-03-18 14:22:54.270000,21.21787071228027,9.59055297484089,5.861836081099643
2002-03-18 14:22:58.287000,6.139698028564452,-4.179807137092076,-27.81633387916485
2002-03-18 14:23:02.305000,-8.659207344055176,15.62668429973326,-7.280458029224986
2002-03-18 14:23:06.322000,0.5988675951957703,4.367214352019532,-7.384680256347894
2002-03-18 14:23:10.339000,-1.9017850160598755,-25.331429505905405,13.652477179548045
2002-03-18 14:23:14.356000,-3.512868881225586,17.840636983324696,7.316990216160587
2002-03-18 14:23:18.373000,3.9544899463653564,0.6625188935369901,9.612076170036897
2002-03-18 14:23:22.390000,15.995309829711914,5.607559695649865,-11.436306120734796
2002-03-18 14:23:26.408000,8.501277923583984,-0.4349862801693716,-24.501990535817594
2002-03-18 14:23:30.425000,16.036190032958984,5.255638018829075,11.465212529897293
2002-03-18 14:23:34.442000,26.385290145874023,1.3807942616550646,23.41958946573687
2002-03-18 14:23:38.459000,5.953514099121094,-8.794840760409048,-14.729071897681536
2002-03-18 14:23:42.476000,29.615819931030273,-0.40367377676381455,12.558932301616796
2002-03-18 14:23:46.493000,2.2251949310302734,1.7145785733210115,27.094112794698823
2002-03-18 14:23:50.511000,32.227909088134766,12.630159004602568,9.640767637526366
2002-03-18 14:23:54.533000,-0.10359690338373186,-10.626052530215903,22.088793943800784
2002-03-18 14:23:58.550000,3.0964510440826416,17.682307738033337,20.15760134710636
2002-03-18 14:24:02.567000,-11.53102970123291,8.539201856497938,16.547167374931306
2002-03-18 14:24:06.585000,-10.242329597473143,20.813820086142353,4.100580383884786
2002-03-18 14:24:10.602000,6.9939022064208975,-4.289939273482209,-4.8199886098223494
2002-03-18 14:24:14.619000,-3.319022893905639,-9.26269264044961,-3.6083616515634978
2002-03-18 14:24:18.636000,3.3502008914947505,-32.99441850992183,13.515694310285895
2002-03-18 14:24:22.653000,6.508914947509765,-6.281022289315135,2.591321995444349
2002-03-18 14:24:26.670000,2.9465939998626705,2.7671480414422964,4.77627908427347
2002-03-18 14:24:30.688000,35.83581924438476,-0.5149682917524516,2.443383677415828
2002-03-18 14:24:34.705000,14.104410171508787,-26.05653821022209,7.047256217613578
2002-03-18 14:24:38.722000,-7.212067127227785,-0.18729313823121818,6.959203151232652
2002-03-18 14:24:42.739000,-5.569718837738038,8.779474167593499,15.412768598220781
2002-03-18 14:24:46.756000,18.489860534667972,12.47439873294347,1.23719233132559
2002-03-18 14:24:50.773000,-22.342149734497074,19.54148269612913,10.830928896269164
2002-03-18 14:24:54.791000,-8.7146053314209,1.6641583192649398,-3.5519268094839886
2002-03-18 14:24:58.808000,-6.646432876586916,21.322763796357204,13.524790214116436
2002-03-18 14:25:02.825000,-44.62736892700196,40.00440475267153,1.4666117136079215
2002-03-18 14:25:06.842000,14.29986953735352,-12.542283829172671,-6.906459820861104
2002-03-18 14:25:10.860000,-12.179260253906246,12.008168471238982,-1.987361502540229
2002-03-18 14:25:14.877000,-26.42309951782226,9.15317314558204,-20.383466705932523
2002-03-18 14:25:18.894000,2.421504974365234,-10.120647579845876,11.601942972173777
2002-03-18 14:25:22.911000,3.292344093322753,-20.872614212312836,5.07681129853068
2002-03-18 14:25:26.928000,11.833889961242674,-1.1550440681978387,-15.17772158162288
2002-03-18 14:25:30.945000,1.4336160421371458,-8.268055220867579,-3.405499971006468
2002-03-18 14:25:34.963000,12.735830307006832,-14.977823787232666,-7.1018644209812765
2002-03-18 14:25:38.980000,3.8875970840454093,-3.5608675209263825,-9.1762325951188
2002-03-18 14:25:42.997000,4.223534107208251,-4.053591846241799,9.394627901903227
2002-03-18 14:25:47.014000,22.696130752563473,8.846035192561729,19.95497321779688
2002-03-18 14:25:51.031000,-2.891988039016723,-6.735405770332428,-26.484602558226893
2002-03-18 14:25:55.048000,-3.8278830051422115,-18.198165545564592,-6.973751041896607
2002-03-18 14:25:59.066000,31.779310226440426,-26.89242488243889,13.654079606477552
2002-03-18 14:26:03.088000,-21.539609909057614,7.178225549188095,-9.146312515957598
2002-03-18 14:26:07.105000,-25.280380249023434,5.8746976213343896,8.178168184844756
2002-03-18 14:26:11.122000,20.96064949035644,-9.514510861155975,-4.501115609481963
2002-03-18 14:26:15.140000,-20.756170272827145,-6.961952534922041,-5.536771923137948
2002-03-18 14:26:19.157000,8.517173767089842,9.659668370183724,-7.36681005865377
2002-03-18 14:26:23.174000,-3.901909112930297,-0.6784575507191679,-0.6218610896968766
2002-03-18 14:26:27.191000,10.42800998687744,31.067199903572366,-13.72407915397645
2002-03-18 14:26:31.208000,0.5678552985191343,5.22655681499222,28.463087856160165
2002-03-18 14:26:35.225000,-8.96763515472412,2.0376987741306793,-2.0978386704679837
2002-03-18 14:26:39.243000,-40.151008605957024,27.51212211525691,-9.149409157599731
2002-03-18 14:26:43.260000,-5.591207027435302,11.12623488656822,9.59172438331388
2002-03-18 14:26:47.277000,-6.92037296295166,12.04519370988509,-10.936686682414608
2002-03-18 14:26:51.294000,-8.082064628601074,-8.100037928951915,-17.63906144599146
2002-03-18 14:26:55.311000,-11.353690147399902,10.908222639352836,-14.848818994764844
2002-03-18 14:26:59.328000,-9.736651420593262,15.400167284598826,11.858743998256038
2002-03-18 14:27:03.346000,-15.822429656982422,5.154898713913243,18.433537344930894
2002-03-18 14:27:07.362000,-41.40166091918945,-17.415162788101995,11.716168774818213
2002-03-18 14:27:11.379000,-6.2653679847717285,-19.37379734574719,-1.0097478676068494
2002-03-18 14:27:15.396000,-31.165170669555664,-2.791286728807584,8.19117994074698
2002-03-18 14:27:19.414000,-9.653239250183104,14.495313608444576,18.264852897474846
2002-03-18 14:27:23.431000,-28.499610900878903,3.7750226430219804,19.429971543757176
2002-03-18 14:27:27.448000,-28.47649002075195,27.258799726206597,20.819440993382315
2002-03-18 14:27:31.465000,-36.38109970092773,25.06192245256624,28.475032230041307
2002-03-18 14:27:35.482000,-36.39522171020507,29.069376647404248,23.230779846515844
2002-03-18 14:27:39.499000,-18.99031066894531,29.053301673337536,11.18526976480445
2002-03-18 14:27:43.516000,-23.464210510253903,18.476775595475456,29.31038139458904
2002-03-18 14:27:47.534000,-33.211189270019524,20.466437869880686,17.761496368205734
2002-03-18 14:27:51.551000,-6.933656215667726,12.77967215676686,21.55056658576417
2002-03-18 14:27:55.568000,-6.866961002349855,19.322191614025865,15.956092873735699
2002-03-18 14:27:59.585000,-10.889659881591799,0.21286199155414032,24.845677568562508
2002-03-18 14:28:03.602000,-31.344100952148445,11.119134589609208,46.4070297012777
2002-03-18 14:28:07.619000,-29.16177940368653,22.834904212723472,52.11174399605179
2002-03-18 14:28:11.626000,-21.039360046386722,12.397951041164463,31.711877071003464
2002-03-18 14:28:15.643000,-17.773559570312504,7.992697965649218,28.152015770378632
2002-03-18 14:28:19.661000,-4.761012077331544,-2.1594986022779907,14.576073080573394
2002-03-18 14:28:23.678000,-35.42890167236329,12.642739255563347,40.27230354128318
2002-03-18 14:28:27.695000,-29.88199996948243,5.883050800326986,46.17125628962939
2002-03-18 14:28:31.712000,-11.861209869384767,15.733827790559861,38.73777200896216
2002-03-18 14:28:35.729000,-28.317609786987312,23.919617139303703,42.716089712832435
2002-03-18 14:28:39.746000,-31.253080368042,12.67032242277392,52.29228746051645
2002-03-18 14:28:43.764000,-22.617750167846683,15.080331303642525,46.57058451615464
2002-03-18 14:28:47.781000,-31.581960678100593,25.317762868384442,47.39572079036376
2002-03-18 14:28:51.798000,-16.48568916320801,26.61932676927762,47.802484302187636
2002-03-18 14:28:55.815000,-30.470489501953125,17.139235485127024,55.32355789947409
2002-03-18 14:28:59.832000,-19.7915096282959,20.168633276570667,43.00706694904928
2002-03-18 14:29:03.849000,-23.579050064086914,18.276822926717323,44.09288200499959
2002-03-18 14:29:07.867000,-25.684839248657227,17.31063691867469,49.46657074035282
2002-03-18 14:29:11.884000,-14.664050102233887,10.835044973035357,38.49883300717166
2002-03-18 14:29:15.901000,-7.654162883758545,12.727641301000428,34.38539541464435
2002-03-18 14:29:19.918000,-4.66390323638916,12.286550020517101,32.5342074339665
2002-03-18 14:29:23.936000,-14.00730037689209,10.641834577700182,51.82301431358464
2002-03-18 14:29:27.953000,-32.32612991333008,23.29709468674188,51.55398620449108
2002-03-18 14:29:31.970000,-19.408599853515625,16.771149714014634,50.260144552925865
2002-03-18 14:29:35.987000,-28.114980697631836,11.832623312664785,44.254056348626115
2002-03-18 14:29:40.004000,-10.04932975769043,14.332220826941894,47.274890399726374
2002-03-18 14:29:44.021000,-10.335220336914062,18.009170785778007,43.94005806752911
2002-03-18 14:29:48.039000,-30.787639617919922,6.626877175319795,50.47077225540496
2002-03-18 14:29:52.056000,5.126132965087891,6.66299023959049,34.210811551693844
2002-03-18 14:29:56.073000,19.321910858154297,6.461475192337881,35.69593878132906
2002-03-18 14:30:00.090000,-18.769409179687496,12.378479920264988,9.55707682258285
2002-03-18 14:30:04.107000,0.1863162070512772,10.876022465181082,32.95480410102071
2002-03-18 14:30:08.124000,23.18124961853027,6.3464870751039015,18.776149044184248
2002-03-18 14:30:12.142000,20.249170303344723,18.606418245950376,18.043785131981362
2002-03-18 14:30:16.159000,11.148019790649412,-9.118398175356035,12.08198978993797
2002-03-18 14:30:20.181000,18.270650863647457,24.915098404155977,32.35087364050829
2002-03-18 14:30:24.198000,27.665540695190426,9.081422753309242,4.932105281147524
2002-03-18 14:30:28.216000,11.44466972351074,-4.419969166516804,17.32194841235008
2002-03-18 14:30:32.233000,23.98925018310547,22.46700908711667,2.3374506459537105
2002-03-18 14:30:36.250000,-6.44370698928833,23.04744423039725,47.2576542751772
2002-03-18 14:30:40.267000,-2.9964940547943115,12.857712115379517,76.52160002285534
2002-03-18 14:30:44.284000,-16.212230682373047,18.253578655117344,71.64360033160393
2002-03-18 14:30:48.301000,3.1788289546966553,24.638512020437986,48.499471325867894
2002-03-18 14:30:52.319000,-13.352840423583984,19.647505081809783,52.529328511993874
2002-03-18 14:30:56.336000,-26.107370376586914,39.14298244553234,63.41593155905671
2002-03-18 14:31:00.353000,-19.32257080078125,23.99358506006702,49.372827092835806
2002-03-18 14:31:04.370000,-36.72541046142578,29.277603348110343,48.27023105623121
2002-03-18 14:31:08.387000,-27.529260635375977,18.336194081535297,44.221306037873944
2002-03-18 14:31:12.404000,-23.19062042236328,21.67898880252078,44.72732950530387
2002-03-18 14:31:16.422000,-26.961029052734375,12.80737926500388,47.956146468489806
2002-03-18 14:31:20.439000,-31.780670166015625,17.499623398751908,47.07759348118766
2002-03-18 14:31:24.455000,-18.026880264282227,29.904143809878384,48.44060484643079
2002-03-18 14:31:28.472000,-27.40593910217285,22.356419640223365,48.64225763534713
2002-03-18 14:31:32.490000,-41.03609085083008,24.3950757280591,67.72890535184806
2002-03-18 14:31:36.507000,-49.819831848144524,21.630836587961007,68.92376822693292
2002-03-18 14:31:40.524000,-48.47521972656249,26.239197556613036,73.78715499965723
2002-03-18 14:31:44.541000,-44.730720520019524,20.132696706033343,67.25753270152863
2002-03-18 14:31:48.558000,-39.3975601196289,18.406285868486023,58.97555496376534
2002-03-18 14:31:52.575000,-46.48707962036132,28.80845028474771,80.88445253641812
2002-03-18 14:31:56.592000,-47.412090301513665,26.967103224947103,71.01218965378521
2002-03-18 14:32:00.610000,-57.23212051391601,33.72192446264318,98.85698328814487
2002-03-18 14:32:04.627000,-42.99274063110351,32.314881863326576,95.56183959226277
2002-03-18 14:32:08.644000,-32.34552001953125,24.67771025706785,68.83248497856293
2002-03-18 14:32:12.661000,-38.01198959350586,21.53102140486407,82.41053959680701
2002-03-18 14:32:16.678000,-56.75320816040039,16.5128133148808,90.72774568172284
2002-03-18 14:32:20.695000,-51.51969909667969,15.98081986764381,80.44835220095614
2002-03-18 14:32:24.713000,-58.0436897277832,17.03967779844675,80.93764567832427
2002-03-18 14:32:28.735000,-54.378150939941406,25.590314220400064,83.28467947102035
2002-03-18 14:32:32.752000,-60.41059112548828,23.138808585709032,96.5167873622765
2002-03-18 14:32:36.769000,-60.54941940307617,19.949058069020086,75.17621347339266
2002-03-18 14:32:40.787000,-57.921619415283196,18.934786442692527,87.59250068987899
2002-03-18 14:32:44.804000,-51.70388031005859,21.438675317448762,83.05240466423373
2002-03-18 14:32:48.821000,-60.35525894165038,14.043619169442284,94.606541976565
2002-03-18 14:32:52.838000,-72.51844024658202,14.765003440043017,87.09305481939424
2002-03-18 14:32:56.855000,-55.03079986572265,14.938928506119456,82.83640753324606
2002-03-18 14:33:00.872000,-43.552078247070305,25.642988688263856,69.86445251359538
2002-03-18 14:33:04.890000,-59.672649383544915,21.074706186208026,61.00049554485064
2002-03-18 14:33:08.907000,-64.39890289306639,33.77932197797561,91.23241023057318
2002-03-18 14:33:12.924000,-58.06740188598633,18.350237736208292,66.70368432343474
2002-03-18 14:33:16.941000,-78.44703674316406,44.94951413806121,58.57182511576862
2002-03-18 14:33:20.958000,-71.020751953125,22.820079219713282,85.56616256181836
2002-03-18 14:33:24.975000,-70.70269775390625,30.13985748079696,110.54996237016758
2002-03-18 14:33:28.993000,-66.30623626708984,24.195438745120224,103.00871939302854
2002-03-18 14:33:33.010000,-50.5323600769043,24.219775246195113,107.12580942262932
2002-03-18 14:33:37.027000,-50.39146041870117,31.009807248662145,99.91498333155008
2002-03-18 14:33:41.044000,-49.62957000732422,22.09719516598432,93.38532431087471
2002-03-18 14:33:45.062000,-59.73141098022461,14.051530675643495,83.58467740432111
2002-03-18 14:33:49.079000,-55.96773147583008,23.148654210378428,83.34797634789642
2002-03-18 14:33:53.096000,-57.491451263427734,16.429211579309477,78.2064664853592
2002-03-18 14:33:57.113000,-47.668880462646484,18.462669982947993,69.98143173795515
2002-03-18 14:34:01.130000,-44.669219970703125,19.061472613225146,64.27412181045898
2002-03-18 14:34:05.147000,-55.52735137939453,17.514820171736236,93.83397720297114
2002-03-18 14:34:09.165000,-52.738319396972656,9.485380255293244,77.32760861693536
2002-03-18 14:34:13.182000,-54.61800003051758,-3.295262626303156,77.57147752019235
2002-03-18 14:34:17.199000,-52.211799621582024,4.942685705730767,88.94165494570228
2002-03-18 14:34:21.216000,-61.10390853881835,10.530606429935315,90.89860529484925
2002-03-18 14:34:25.233000,-52.028369903564446,15.040392561409863,88.19227925058725
2002-03-18 14:34:29.250000,-33.92655181884765,19.60049894248412,67.87471569898386
2002-03-18 14:34:33.268000,-47.54830169677734,21.45413423723997,78.54859541095074
2002-03-18 14:34:37.284000,-61.44311904907226,21.282231512840298,81.43805606884528
2002-03-18 14:34:41.301000,-66.15550231933592,23.33974774430941,89.0324057473685
2002-03-18 14:34:45.318000,-47.68423080444335,12.184784204233651,88.9387396170628
2002-03-18 14:34:49.336000,-62.951698303222656,12.286101676088599,96.27173257527238
2002-03-18 14:34:53.353000,-63.25794982910156,21.75466387212655,96.26382361725689
2002-03-18 14:34:57.370000,-45.381561279296875,24.651964892174327,84.69859865242134
2002-03-18 14:35:01.387000,-58.99163818359375,21.931135196698023,82.87915366070142
2002-03-18 14:35:05.404000,-46.86579132080078,16.541574887050853,77.45817075487386
2002-03-18 14:35:09.421000,-49.77920913696289,22.159219259819675,82.67023688078282
2002-03-18 14:35:13.439000,-41.174110412597656,12.316041082147727,74.47553460016451
2002-03-18 14:35:17.456000,-47.76639938354492,16.364929319386164,75.15277377537546
2002-03-18 14:35:21.473000,-47.8962516784668,18.944095650311066,78.47705132215697
2002-03-18 14:35:25.490000,-48.84349060058594,23.64118230068393,64.43171293653731
2002-03-18 14:35:29.507000,-43.525489807128906,20.840062188449423,74.20190674222385
2002-03-18 14:35:33.524000,-53.64830017089844,27.071049766471067,82.8669274424393
2002-03-18 14:35:37.542000,-38.08103942871094,20.385370884653227,71.56758420860274
2002-03-18 14:35:41.564000,-22.18808937072754,23.911698632580922,65.19367971055664
2002-03-18 14:35:45.581000,-47.05649185180664,17.031333883694955,68.99269751110262
2002-03-18 14:35:49.598000,-63.25299072265625,39.49918055361774,71.09506061462109
2002-03-18 14:35:53.616000,-73.01882171630861,32.36984513650792,95.13145881643634
2002-03-18 14:35:57.633000,-52.94810867309572,30.010722245518355,60.004340709475805
2002-03-18 14:36:01.650000,-55.92990875244142,39.03346605859804,50.77991643676576
2002-03-18 14:36:05.667000,-74.13390350341798,12.625784702608946,82.54770918879552
2002-03-18 14:36:09.684000,-51.553901672363295,20.233619766358974,79.12252876559754
2002-03-18 14:36:13.701000,-57.03583908081056,26.6385453898648,69.36577923347589
2002-03-18 14:36:17.719000,-52.404121398925795,23.165165387912417,60.94342505107301
2002-03-18 14:36:21.736000,-54.48871994018556,17.1596200752106,85.24948009336204
2002-03-18 14:36:25.753000,-44.94662094116212,15.095804339162537,71.05611490378028
2002-03-18 14:36:29.770000,-66.05335998535158,25.58904123965464,77.04066773816439
2002-03-18 14:36:33.787000,-52.650478363037124,17.522886749011377,76.10131746134844
2002-03-18 14:36:37.804000,-52.58044052124025,23.296271231905944,80.3638656242142
2002-03-18 14:36:41.821000,-38.842601776123054,19.327487645861318,87.29649165410478
2002-03-18 14:36:45.839000,-45.89464950561524,23.714598009296324,88.18633038838496
2002-03-18 14:36:49.856000,-33.15866088867188,14.402342986732219,62.14332103246226
2002-03-18 14:36:53.873000,-35.76890945434571,18.5227855298828,76.65088620002845
2002-03-18 14:36:57.890000,-27.15723991394043,12.18091002827093,71.13690819246305
2002-03-18 14:37:01.908000,-24.899059295654297,21.875589540804896,70.75533162653122
2002-03-18 14:37:05.925000,-17.142650604248047,24.515702918766095,72.61963740317893
2002-03-18 14:37:09.942000,-19.3145694732666,13.186247609779077,49.56496282723382
2002-03-18 14:37:13.959000,-24.76020050048828,22.01947608355566,81.41460117494186
2002-03-18 14:37:17.976000,-37.19572067260742,21.82157157085174,72.83558205982736
2002-03-18 14:37:21.993000,-25.37936019897461,13.227752775378583,65.93537950310542
2002-03-18 14:37:26.011000,-22.03696060180664,19.222833890578126,65.68303300623613
2002-03-18 14:37:30.028000,-17.976350784301754,21.628446392057256,56.05591893545174
2002-03-18 14:37:34.045000,-27.470209121704098,11.812403140518864,60.8107707747853
2002-03-18 14:37:38.062000,-4.260632991790771,15.168921042284275,50.04107715832817
2002-03-18 14:37:42.079000,-22.477350234985348,20.065783948744468,50.8816757874119
2002-03-18 14:37:46.096000,-14.621370315551756,25.664114755018517,60.73845903841908
2002-03-18 14:37:50.103000,-2.0381639003753658,16.640124009695544,64.14391015588248
2002-03-18 14:37:54.120000,-3.5959329605102535,12.537564891145253,52.94867412037652
2002-03-18 14:37:58.138000,-6.087210178375243,23.753551761413707,83.7960430513954
2002-03-18 14:38:02.155000,-27.57354927062988,22.509735578583673,82.03634194448345
2002-03-18 14:38:06.172000,-5.982676982879638,12.598614151621042,41.278580860247324
2002-03-18 14:38:10.189000,-1.1653980016708372,6.429233449252195,25.855543580728714
2002-03-18 14:38:14.206000,1.822190999984741,10.662119614260192,15.517294971629003
2002-03-18 14:38:18.223000,1.2950839996337888,-1.243808299783399,8.730426994252648
2002-03-18 14:38:22.241000,6.9061288833618155,17.188777473952797,37.727305775469475
2002-03-18 14:38:26.258000,-48.17390823364257,11.059692161516118,37.12054214241328
2002-03-18 14:38:30.275000,-24.580160140991207,10.091115630316098,33.448558281224194
2002-03-18 14:38:34.292000,-5.709036827087402,15.00032533459667,16.949399681569975
2002-03-18 14:38:38.309000,-25.95733070373535,13.800043863384795,49.316772046961205
2002-03-18 14:38:42.326000,-35.30278015136719,13.177929742019934,50.659517887574175
2002-03-18 14:38:46.344000,-28.296260833740234,22.416757474447635,50.95721433795153
2002-03-18 14:38:50.361000,-32.37342071533203,6.9351625226524405,50.53108343216032
2002-03-18 14:38:54.383000,-30.499019622802734,11.046037488905895,59.400461502787664
2002-03-18 14:38:58.400000,-32.554779052734375,21.034595831865644,60.5298856404924
2002-03-18 14:39:02.418000,-39.76063919067383,15.742962591572027,61.555080137799976
2002-03-18 14:39:06.435000,-27.218809127807617,12.211262374400143,67.07739214830954
2002-03-18 14:39:10.452000,-38.45486831665039,21.604667893671845,64.74276495613792
2002-03-18 14:39:14.469000,-25.189640045166016,13.765012410928971,77.9720238099189
2002-03-18 14:39:18.486000,-25.88372039794922,22.02943886403822,62.70437900787687
2002-03-18 14:39:22.503000,-35.44198989868164,15.065420854299123,71.57411600903578
2002-03-18 14:39:26.521000,-25.510969161987305,16.595100954208256,70.2285194271506
2002-03-18 14:39:30.538000,-10.15548038482666,14.751407505658285,74.42817671821416
2002-03-18 14:39:34.555000,-13.978799819946289,14.514801922654787,61.73988457869588
2002-03-18 14:39:38.572000,-8.611573219299315,19.9486632692469,59.0088385497825
2002-03-18 14:39:42.589000,6.770215988159179,17.928915994555112,46.48021213106128
2002-03-18 14:39:46.606000,-5.792502880096435,5.433152832788762,43.49470816315405
2002-03-18 14:39:50.624000,-7.707716941833495,10.423657295808958,24.704901343099948
2002-03-18 14:39:54.641000,-19.820989608764645,13.986955022927571,19.748577622179837
2002-03-18 14:39:58.657000,-18.601139068603512,-2.988354461594108,2.7208435225066134
2002-03-18 14:40:02.674000,17.92627906799316,-10.827037983413238,12.843879163637714
2002-03-18 14:40:06.692000,16.615009307861325,15.40374686519797,15.245433593381051
2002-03-18 14:40:10.709000,1.026257038116455,10.428813857442938,26.616755922380598
2002-03-18 14:40:14.726000,4.918527126312256,5.083097148217304,7.969570819564888
2002-03-18 14:40:18.743000,-2.170022964477539,-5.756651388455179,25.577837067840974
2002-03-18 14:40:22.760000,7.050992965698242,6.549808112155248,3.7990819463536476
2002-03-18 14:40:26.777000,-19.87002944946289,10.767483925585092,4.4276694804430505
2002-03-18 14:40:30.795000,-20.743240356445312,9.470947201904885,22.422032121436775
2002-03-18 14:40:34.812000,-12.05718994140625,-0.8545397728463069,24.95703914901781
2002-03-18 14:40:38.829000,-14.834959983825684,-2.9031233013270517,9.418719902525424
2002-03-18 14:40:42.846000,-11.386770248413086,8.529056497263632,14.587612380189794
2002-03-18 14:40:46.863000,-20.837949752807617,-16.88435330582696,-0.40092126602312117
2002-03-18 14:40:50.880000,-28.967979431152344,-4.058418450606977,-7.360981492355827
2002-03-18 14:40:54.897000,-5.477251052856445,-14.706274888128863,6.268483581098403
2002-03-18 14:40:58.915000,-1.368028998374939,13.817621124319778,7.472503079628179
2002-03-18 14:41:02.932000,-11.264249801635742,17.751879516661162,35.030299284761476
2002-03-18 14:41:06.949000,-15.863539695739746,-6.656351869576543,-0.6383537980062461
2002-03-18 14:41:10.966000,-20.904489517211914,17.17982759999748,13.109247728665805
2002-03-18 14:41:14.984000,-18.81978988647461,4.9841952178117666,15.579243444890949
2002-03-18 14:41:19.001000,-12.118969917297363,-1.3111514362446295,23.374830066737275
2002-03-18 14:41:23.018000,-11.336979866027832,17.28917049118814,15.297428091894066
2002-03-18 14:41:27.035000,-10.105179786682129,2.3661544014508684,10.775872586569019
2002-03-18 14:41:31.052000,-35.6461181640625,39.46627541575983,14.87377300710479
2002-03-18 14:41:35.069000,-16.947290420532227,30.210841779287776,27.823934120536176
2002-03-18 14:41:39.087000,-21.74188995361328,5.587814158294443,16.856110159040618
2002-03-18 14:41:43.104000,-8.071325302124023,-3.6582213090099858,9.28028517305238
2002-03-18 14:41:47.121000,-5.467173099517821,20.14409862742948,27.01448272267752
2002-03-18 14:41:51.138000,1.7284610271453855,1.8813004942598428,-18.403538761927923
2002-03-18 14:41:55.155000,10.758370399475096,0.49730692392100373,0.9168184237236451
2002-03-18 14:41:59.172000,-17.525789260864254,18.531269263425486,10.471539537272026
2002-03-18 14:42:03.190000,-14.541250228881834,-9.235065868048183,1.849830007401379
2002-03-18 14:42:07.212000,-16.257900238037106,-2.2003660860610106,0.522312185933009
2002-03-18 14:42:11.229000,-24.731439590454098,9.949673599204033,19.554555211723113
2002-03-18 14:42:15.246000,-23.762979507446286,5.816285778517539,19.96578383250928
2002-03-18 14:42:19.264000,-21.409400939941406,20.593277678196948,-2.628157993853134
2002-03-18 14:42:23.281000,-0.13714930415153503,4.000610017970775,-1.2873339005532864
2002-03-18 14:42:27.298000,-13.157170295715332,-2.260754163409056,3.018261819567831
2002-03-18 14:42:31.315000,14.381759643554688,18.34269604214403,7.802708529521195
2002-03-18 14:42:35.332000,6.3684000968933105,14.091455826107289,14.439209974014577
2002-03-18 14:42:39.349000,1.4965770244598389,-7.352833725431154,4.326069811999618
2002-03-18 14:42:43.367000,8.458632469177246,-6.6617640625708905,-2.6312680471345335
2002-03-18 14:42:47.384000,5.146903038024902,18.51262224020354,10.912667029856259
2002-03-18 14:42:51.401000,13.491510391235352,14.882763734165263,24.96190618339718
2002-03-18 14:42:55.418000,10.097649574279785,-0.624651284351625,14.714429189195016
2002-03-18 14:42:59.435000,21.457359313964844,29.6429271107556,47.06744848013315
2002-03-18 14:43:03.452000,13.680270195007324,17.49114377309136,47.194497339289306
2002-03-18 14:43:07.470000,5.093059062957764,20.38754509253787,56.2092235774068
2002-03-18 14:43:11.487000,22.08354949951172,16.17379596940799,54.117261959100816
2002-03-18 14:43:15.504000,4.4055399894714355,28.17305028610243,51.757627203641135
2002-03-18 14:43:19.521000,-8.362116813659668,28.013296412064875,75.78722170499535
2002-03-18 14:43:23.539000,-27.29553985595703,24.669226374630963,75.95403532387212
2002-03-18 14:43:27.556000,-27.93781089782715,25.379451477981966,73.04506075493514
2002-03-18 14:43:31.573000,-46.065799713134766,24.594402047005513,93.75186796432087
2002-03-18 14:43:35.590000,-55.67795944213867,23.24038281110197,92.49401642709779
2002-03-18 14:43:39.607000,-46.925071716308594,17.292801914160496,80.4665713506461
2002-03-18 14:43:43.624000,-44.94626998901367,27.61862068821636,62.740414517254834
2002-03-18 14:43:47.642000,-45.914180755615234,30.34741101340999,72.9833815689715
2002-03-18 14:43:51.659000,-58.55046844482422,22.6524881797576,89.33980985083335
2002-03-18 14:43:55.676000,-60.61706161499022,14.059939507700314,81.07291364578907
2002-03-18 14:43:59.693000,-52.751159667968736,23.27866803933859,90.62654743331613
2002-03-18 14:44:03.710000,-61.17053985595702,26.481945621396463,85.4069327887847
2002-03-18 14:44:07.727000,-60.21104812622069,24.81133193099283,68.25027481611573
2002-03-18 14:44:11.745000,-63.068698883056626,30.545874799589956,73.06025269431444
2002-03-18 14:44:15.750000,-44.8869285583496,24.355549854970526,29.006974105391436
2002-03-18 14:44:19.768000,-66.27088928222655,27.960903817610365,53.88771545929388
2002-03-18 14:44:23.785000,-88.30700683593749,18.73182480085829,59.58397597627558
2002-03-18 14:44:27.802000,-65.06999969482422,14.088757597857676,51.07392123765691
2002-03-18 14:44:31.819000,-37.056339263916016,12.156594078782765,25.45003096152695
2002-03-18 14:44:35.836000,-39.376800537109375,27.29547424424294,32.427503223828154
2002-03-18 14:44:39.853000,-21.807050704956055,18.744670120843306,36.682658197867504
2002-03-18 14:44:43.871000,-22.360729217529297,23.78780512391875,40.006347856442176
2002-03-18 14:44:47.888000,-13.094160079956055,33.64937835052076,48.313895788814236
2002-03-18 14:44:51.905000,-0.40324971079826333,19.447118187843294,57.161811520164406
2002-03-18 14:44:55.922000,-5.1978020668029785,23.09426026712119,53.494748078565756
2002-03-18 14:44:59.939000,-26.808439254760742,27.8733023918198,45.0628722239358
2002-03-18 14:45:03.956000,-5.6957502365112305,19.33194703478341,27.272812570383973
2002-03-18 14:45:07.973000,-11.642580032348633,21.677397250698764,49.351262516602475
2002-03-18 14:45:11.991000,-20.526569366455078,18.245540661210246,51.042943945142255
2002-03-18 14:45:16.008000,-16.27676010131836,18.08295279537207,72.31460349742343
2002-03-18 14:45:20.025000,-9.571446418762207,22.02654287065595,33.123771885355424
2002-03-18 14:45:24.042000,-11.54833984375,32.52457241886968,34.50355314865384
2002-03-18 14:45:28.060000,-28.935270309448242,38.88779290505714,42.488104018966084
2002-03-18 14:45:32.077000,-40.05458068847656,31.603733965762647,55.27638915631936
2002-03-18 14:45:36.094000,-21.883909225463867,25.040598328266647,50.91805661166987
2002-03-18 14:45:40.111000,-34.838680267333984,21.933188080806886,39.12229102100825
2002-03-18 14:45:44.128000,-41.97780990600586,31.615537022877398,53.27228317389959
2002-03-18 14:45:48.145000,-38.44511032104492,31.66713006413033,33.50857668802014
2002-03-18 14:45:52.163000,-35.116119384765625,15.94610333330001,48.25653231754209
2002-03-18 14:45:56.180000,-42.7193717956543,18.593684313686417,50.27439798058222
2002-03-18 14:46:00.197000,-34.4114990234375,13.071196928233803,32.849396065724335
2002-03-18 14:46:04.214000,-31.691770553588867,14.961272793661603,15.483024360832612
2002-03-18 14:46:08.231000,-39.119388580322266,4.151822704346426,13.881673691154592
2002-03-18 14:46:12.248000,-23.82740020751953,39.69388443589503,20.520732840002538
2002-03-18 14:46:16.266000,-27.729459762573242,37.639194030436855,39.363647097011025
2002-03-18 14:46:20.283000,2.1782050132751465,7.4701739543711145,-10.253631268419714
2002-03-18 14:46:24.305000,-3.208034992218018,33.550433280560654,7.671886753749284
2002-03-18 14:46:28.322000,-16.247249603271484,34.08182258341174,-5.010801585494841
2002-03-18 14:46:32.340000,9.199845314025879,15.376484598966446,2.789355898312299
2002-03-18 14:46:36.357000,-24.417890548706055,10.0952424267132,6.389366475220677
2002-03-18 14:46:40.374000,-0.6411523818969728,24.136933967289302,7.030621584623232
2002-03-18 14:46:44.391000,0.18558010458946228,9.390330054954669,-11.782743807931555
2002-03-18 14:46:48.408000,4.736402988433838,12.760271166633467,4.557945312225589
2002-03-18 14:46:52.425000,-23.980159759521484,24.367521822071502,6.339875796451718
2002-03-18 14:46:56.443000,6.453536033630371,5.762399253732822,18.03932566070012
2002-03-18 14:47:00.460000,31.444950103759766,46.65432825870323,-15.442777543484516
2002-03-18 14:47:04.477000,3.5264170169830322,7.98389622866445,1.6272942349988089
2002-03-18 14:47:08.494000,-4.726830005645752,-5.852261901916852,14.2687759444236
2002-03-18 14:47:12.511000,-15.480070114135742,20.283874363350016,4.9292560231397005
2002-03-18 14:47:16.528000,-9.607027053833008,36.48593653882243,9.522405234652016
2002-03-18 14:47:20.546000,-12.74789047241211,29.598769007275504,4.052477335269497
2002-03-18 14:47:24.563000,-12.324350357055664,38.42761077562961,19.101508045315764
2002-03-18 14:47:28.580000,-23.39143943786621,15.112449181547916,-3.3762234074700244
2002-03-18 14:47:32.597000,-2.157701015472412,1.2335098819756443,13.041095251676355
2002-03-18 14:47:36.615000,-13.680230140686035,24.24397725555679,21.656535301069844
2002-03-18 14:47:40.632000,-22.55973052978516,32.883153542826264,30.51556235103898
2002-03-18 14:47:44.649000,-1.773380041122437,12.882188640346673,22.35281438859583
2002-03-18 14:47:48.666000,10.952380180358888,23.50242896113656,32.60787666493092
2002-03-18 14:47:52.683000,-9.70023822784424,13.691409763358523,26.219196742652887
2002-03-18 14:47:56.700000,-4.63128423690796,8.1868909123597,24.335024828642897
2002-03-18 14:48:00.718000,-7.1035947799682635,32.40438315199474,41.46447898481488
2002-03-18 14:48:04.735000,-1.084189057350159,13.835584951407782,19.84607613642562
2002-03-18 14:48:08.752000,11.179960250854494,-4.329379184909351,20.997964322988135
2002-03-18 14:48:12.769000,-6.116456985473633,11.342526146984744,29.434695751734882
2002-03-18 14:48:16.786000,-2.0387439727783203,24.252505340972494,30.27471005664438
2002-03-18 14:48:20.803000,-12.535810470581055,22.31545718443698,31.128107747378078
2002-03-18 14:48:24.821000,-6.992269992828369,15.830168898772222,33.39358639953589
2002-03-18 14:48:28.838000,-3.039505958557129,14.180865526254738,31.72128331156157
2002-03-18 14:48:32.859000,-7.839828014373779,23.77035075985789,32.07274081034379
2002-03-18 14:48:36.876000,9.729736328125,18.0947350074499,12.112417844887114
2002-03-18 14:48:40.894000,-13.482500076293945,13.917709357695957,23.734856320521093
2002-03-18 14:48:44.911000,-18.419809341430664,9.080323476505258,32.78915514284127
2002-03-18 14:48:48.928000,-41.218788146972656,11.434714575360353,17.431717668527675
2002-03-18 14:48:52.945000,-20.518539428710938,-1.6404138274701205,25.564148575700194
2002-03-18 14:48:56.962000,-3.767129898071289,17.965900187339074,26.574449311705635
2002-03-18 14:49:00.979000,-14.259050369262695,6.329789633673065,17.956845574294903
2002-03-18 14:49:04.997000,-8.251117706298828,26.82627438902007,22.53020697718339
2002-03-18 14:49:09.014000,-22.074440002441406,33.46114955362136,28.723474058005785
2002-03-18 14:49:13.031000,30.02552032470703,25.94123795037986,10.417549379243317
2002-03-18 14:49:17.048000,-3.0866799354553223,2.5907522457605765,45.5315129820256
2002-03-18 14:49:21.065000,-15.197409629821777,31.66862809972888,25.128323141974388
2002-03-18 14:49:25.082000,-0.8072069287300112,21.118933421279056,23.980314013978408
2002-03-18 14:49:29.100000,-26.42905044555664,14.349834958694402,13.003280175145406
2002-03-18 14:49:33.117000,-8.290403366088867,-3.803690515940753,16.7059230433726
2002-03-18 14:49:37.134000,20.469200134277344,30.89084056352711,-1.464466153711589
2002-03-18 14:49:41.151000,-20.402610778808594,26.856988786058366,6.337279253949349
2002-03-18 14:49:45.168000,-46.23637008666992,44.63996932804557,20.032022103495727
2002-03-18 14:49:49.186000,7.13864278793335,0.17189134330699307,13.086067490572484
2002-03-18 14:49:53.203000,-16.232440948486328,23.673500548102194,3.4095489638072882
2002-03-18 14:49:57.220000,-4.615838050842285,9.520142769815465,21.754933432755337
2002-03-18 14:50:01.237000,-33.28493118286133,31.261790061939177,30.30294549905664
2002-03-18 14:50:05.254000,-17.920000076293945,-1.364928841994912,33.58690506191975
2002-03-18 14:50:09.271000,-20.162620544433594,19.14820083572117,30.00837839519113
2002-03-18 14:50:13.289000,-19.440380096435547,24.296279993290312,27.34417124404129
2002-03-18 14:50:17.306000,-20.299169540405273,19.780889945303457,8.008453342188432
2002-03-18 14:50:21.323000,-10.291990280151365,16.95579127236057,23.717451456976733
2002-03-18 14:50:25.340000,-19.507999420166012,-1.8394804495870636,29.200373655452132
2002-03-18 14:50:29.357000,-23.842529296874996,10.694401748857294,0.36317624772872525
2002-03-18 14:50:33.374000,-5.5348777770996085,10.978910155053681,18.380422662996878
2002-03-18 14:50:37.392000,-1.4918709993362425,19.534856178529594,11.92347202714156
2002-03-18 14:50:41.414000,2.4833860397338863,36.83292827555714,4.922977049925122
2002-03-18 14:50:45.431000,5.487172126770019,31.84884020314163,9.283595437701164
2002-03-18 14:50:49.448000,-3.4929881095886226,21.842165611868047,30.268090585303433
2002-03-18 14:50:53.466000,-27.367519378662106,-0.9885468604994065,6.746566778002299
2002-03-18 14:50:57.483000,-10.742899894714354,-1.5321871171606951,8.743429371304197
2002-03-18 14:51:01.500000,-10.088159561157225,-1.6236921978894951,22.768535048253266
2002-03-18 14:51:05.517000,0.9220994114875792,-3.2170266194482937,16.809101280459476
2002-03-18 14:51:09.534000,-40.85140991210937,11.884851369508198,3.7214274364953477
2002-03-18 14:51:13.551000,-25.189140319824215,20.1630213106228,9.53543202224909
2002-03-18 14:51:17.569000,-15.142210006713865,17.514718464536063,-1.0770627428373878
2002-03-18 14:51:21.586000,-37.91268920898437,37.72318260525012,9.019245708995868
2002-03-18 14:51:25.603000,-20.04616928100586,35.979084356520914,2.583084159289635
2002-03-18 14:51:29.620000,3.5030229091644287,20.2935933138467,-2.3660529064428433
2002-03-18 14:51:33.637000,9.38049030303955,50.47337966793387,26.773876771419843
2002-03-18 14:51:37.654000,-23.244190216064453,18.237209876616028,25.793189541305097
2002-03-18 14:51:41.672000,-7.4239702224731445,3.228022720173816,13.261989203576437
2002-03-18 14:51:45.689000,-1.265401005744934,-16.443456989570674,0.8973052573231275
2002-03-18 14:51:49.706000,19.250059127807617,5.062088226294725,-11.54929065763702
2002-03-18 14:51:53.723000,10.99586009979248,10.2439583367565,39.507840612463795
2002-03-18 14:51:57.741000,4.321982860565185,28.21443754137831,36.73507810636153
2002-03-18 14:52:01.758000,-16.037380218505856,17.30161003871625,12.607219694772827
2002-03-18 14:52:05.775000,-23.90265083312988,-11.764428584308275,20.23395540574811
2002-03-18 14:52:09.792000,-12.862230300903319,26.752927276648233,-3.801050942000498
2002-03-18 14:52:13.809000,-29.165899276733395,13.671084252345368,14.851359442588016
2002-03-18 14:52:17.826000,-2.6384890079498287,-4.129162067535452,11.352324084074024
2002-03-18 14:52:21.844000,-62.88940811157226,31.0822022832901,16.809226753995315
2002-03-18 14:52:25.861000,9.324254035949705,37.234597379593254,29.39322913464011
2002-03-18 14:52:29.878000,-57.81209182739257,37.55559453900401,18.208816587120744
2002-03-18 14:52:33.895000,-17.099939346313473,13.98442296896338,7.32939812841189
2002-03-18 14:52:37.912000,-8.849416732788084,36.38651222335588,32.26979325035585
2002-03-18 14:52:41.929000,-17.744329452514645,65.56474113114044,29.12044722617417
2002-03-18 14:52:45.947000,-14.71671962738037,45.7547611703214,47.913618664964545
2002-03-18 14:52:49.963000,-23.102289199829098,5.655387800242853,40.13016108288104
2002-03-18 14:52:53.980000,5.379399776458739,4.017525652368006,22.994150304365405
2002-03-18 14:52:57.997000,-8.459573745727537,19.360225353269243,47.66515352881422
2002-03-18 14:53:02.015000,-22.451929092407227,25.603768650785337,38.70169532650106
2002-03-18 14:53:06.032000,-10.436070442199707,16.98270983922422,18.336104326888343
2002-03-18 14:53:10.049000,-13.256110191345215,31.89635578351654,28.35275606365441
2002-03-18 14:53:14.066000,52.661800384521484,43.221728319767514,60.2869716964676
2002-03-18 14:53:18.083000,1.063971996307373,6.950454827988417,12.368601502619207
2002-03-18 14:53:22.100000,20.688419342041016,-3.776165076256382,17.79661676550517
2002-03-18 14:53:26.118000,17.509910583496094,16.396893155941605,2.5496492571920952
2002-03-18 14:53:30.135000,22.464000701904297,-16.079239431730606,-5.047746900735875
2002-03-18 14:53:34.152000,17.416650772094723,-13.13716373463662,-4.164365930026952
2002-03-18 14:53:38.169000,14.104149818420408,-28.780453113422436,-12.141570094003297
2002-03-18 14:53:42.186000,-16.672689437866207,15.502417321727702,31.446276910577488
2002-03-18 14:53:46.203000,0.35740208625793446,2.37266794145561,33.308449112902586
2002-03-18 14:53:50.221000,-20.325880050659176,37.82645975298381,46.42000634275042
2002-03-18 14:53:54.227000,-24.27156066894531,22.38770639967679,19.930699093272814
2002-03-18 14:53:58.244000,0.007877518422901639,11.21813944213396,-12.234084619599685
2002-03-18 14:54:02.262000,-5.279152870178222,13.163971182021573,17.88880220329218
2002-03-18 14:54:06.279000,12.136110305786136,15.237949059674719,19.78135509308789
2002-03-18 14:54:10.296000,-19.585109710693363,-6.092777305637268,6.224902394963621
2002-03-18 14:54:14.313000,-0.8175526261329654,16.852484387387207,20.773586180608653
2002-03-18 14:54:18.330000,-11.043060302734377,36.314744951000186,20.374841000819583
2002-03-18 14:54:22.347000,-6.95307779312134,14.812548311277665,17.861080620900324
2002-03-18 14:54:26.365000,6.376318931579592,-15.174001138845341,17.633608263987178
2002-03-18 14:54:30.382000,-32.04563140869141,24.13344276696778,3.1979556741847786
2002-03-18 14:54:34.399000,-26.679029464721687,22.28650021767013,33.835758988227745
2002-03-18 14:54:38.416000,-34.981441497802734,20.60424615090437,30.401682054835593
2002-03-18 14:54:42.433000,-40.640869140625,15.673492696474,28.78098247272041
2002-03-18 14:54:46.450000,-79.49594116210938,22.975678368665232,33.87390353214923
2002-03-18 14:54:50.468000,-96.86792755126953,-4.257982481704387,58.29457775372336
2002-03-18 14:54:54.485000,-234.44110107421875,-2.1035857824226483,40.45593745263952
2002-03-18 14:54:58.507000,-205.9792022705078,-60.38932269714313,-81.0530527597212
2002-03-18 14:55:02.524000,-252.38690185546875,99.03499531427153,-56.27605407842429
2002-03-18 14:55:06.542000,-227.89019775390625,7.466041027071716,-17.510659713979354
2002-03-18 14:55:10.559000,-196.99769592285156,-125.7430612073775,-39.888987495665845
2002-03-18 14:55:14.576000,-142.26800537109375,272.3376851104175,52.28097489640671
2002-03-18 14:55:18.593000,-181.62100219726562,49.80371648681226,18.917095184477077
2002-03-18 14:55:22.610000,-292.2673034667969,-88.65775814953706,-29.043063358929118
2002-03-18 14:55:26.627000,-93.30850219726562,-28.176298112927157,-15.007398357355981
2002-03-18 14:55:30.645000,-115.88849639892578,47.49792332882773,23.751610119969165
2002-03-18 14:55:34.662000,-69.93470764160156,62.5832166438806,109.17521460578068
2002-03-18 14:55:38.679000,-225.2613983154297,57.80988423405284,-6.213848366860276
2002-03-18 14:55:42.696000,-207.20849609375006,-103.92694156047259,-20.745837307683253
2002-03-18 14:55:46.713000,48.21530914306642,87.5752161658751,42.424252790830536
2002-03-18 14:55:50.730000,-5.10624122619629,43.10745890108915,9.485934334805558
2002-03-18 14:55:54.748000,47.38922882080079,16.802496072119055,27.852528821571376
2002-03-18 14:55:58.765000,30.2851791381836,-35.43369517059134,1.0365541921330177
2002-03-18 14:56:02.782000,-6.704503059387209,14.875434662018757,35.84712885599617
2002-03-18 14:56:06.799000,0.693024516105652,5.311524440958155,-11.808518832891751
2002-03-18 14:56:10.817000,-5.2210707664489755,-9.459202014996354,-15.85859382562847
2002-03-18 14:56:14.834000,3.796314001083373,-14.84336609842924,-56.971184316772764
2002-03-18 14:56:18.851000,40.209941864013665,-50.825514311709554,22.97942862906617
2002-03-18 14:56:22.868000,-260.99060058593744,-209.38136433261585,2.5439829394828166
2002-03-18 14:56:26.885000,-5.960309982299806,-193.70827124134672,-98.38315610449672
2002-03-18 14:56:30.902000,17.05163955688476,-224.91432885331173,-77.21553286805874
2002-03-18 14:56:34.920000,127.1616973876953,-178.48322808757598,-39.627628775143855
2002-03-18 14:56:38.937000,90.90464782714842,-198.88351300028415,-125.81498243308855
2002-03-18 14:56:42.954000,144.55990600585935,-172.34614579661675,-335.6403699164882
2002-03-18 14:56:46.971000,172.98359680175784,-62.742792079483536,-362.05257935581267
2002-03-18 14:56:50.988000,-9.902599334716799,-78.55141123198311,-20.29730073410355
2002-03-18 14:56:55.005000,75.20809173583986,-85.77670286916731,-137.29878853639525
2002-03-18 14:56:59.023000,-24.593240737915046,-6.864575671659944,-8.207960236034669
2002-03-18 14:57:03.040000,2.626461982727052,-158.54031078681427,-257.7770540669188
2002-03-18 14:57:07.056000,110.06250000000003,-147.11918463659205,-223.8154934732098
2002-03-18 14:57:11.073000,217.87199401855474,-273.1242512063978,-265.047052011407
2002-03-18 14:57:15.091000,240.35330200195318,-181.88755990681017,-306.89234776196747
2002-03-18 14:57:19.108000,6.974205970764162,-28.706467424653454,-56.8476629772271
2002-03-18 14:57:23.125000,119.67729949951175,-91.13257486829768,-194.71979334761306
2002-03-18 14:57:27.142000,138.80169677734378,-273.86154172875143,-181.947902633755
2002-03-18 14:57:31.159000,156.38499450683597,-293.0697165347981,-255.16426705855764
2002-03-18 14:57:35.176000,94.31539154052736,-270.84833483453605,-205.36695258348658
2002-03-18 14:57:39.194000,64.0724334716797,-156.67763648298447,-97.42372795660852
2002-03-18 14:57:43.211000,0.6043084263801576,-142.933184811504,-61.006251342625305
2002-03-18 14:57:47.228000,-27.141889572143562,-83.61794734456828,-9.41822384399411
2002-03-18 14:57:51.245000,0.8841785788536071,-101.09235164255098,-14.00490449781153
2002-03-18 14:57:55.262000,-3.4007930755615234,-124.4221090881274,-37.246946353364656
2002-03-18 14:57:59.279000,39.278419494628906,-155.04371526496814,-16.68912194755073
2002-03-18 14:58:03.297000,39.342079162597656,-142.21336033550884,-45.377399906148575
2002-03-18 14:58:07.314000,39.84579086303711,-144.06509596892684,-64.17680960653315
2002-03-18 14:58:11.336000,8.595974922180176,-174.26609098102819,-70.93346374215473
2002-03-18 14:58:15.353000,11.886710166931152,-144.67583161316486,-95.45345210899626
2002-03-18 14:58:19.371000,55.787479400634766,-205.78578636782458,-86.34844517291901
2002-03-18 14:58:23.388000,105.97429656982422,-151.93607376202982,-70.21514062782222
2002-03-18 14:58:27.405000,61.04145050048828,-172.92241443049485,-86.50742304699592
2002-03-18 14:58:31.422000,46.545528411865234,-235.14801345416905,-109.90083115209455
2002-03-18 14:58:35.439000,40.98386001586914,-206.8511117958264,-95.39187985314344
2002-03-18 14:58:39.456000,77.76119995117188,-214.07991331645601,-144.94850029687734
2002-03-18 14:58:43.473000,50.12923049926758,-273.6652564022144,-112.57662030714967
2002-03-18 14:58:47.491000,-2.645698070526124,-159.71032051173978,-51.70814025904724
2002-03-18 14:58:51.508000,-37.83283996582031,-147.9176784809887,-61.503374823221435
2002-03-18 14:58:55.525000,-65.07556915283202,-82.58924233964339,-137.953432389433
2002-03-18 14:58:59.542000,29.19561958312988,-144.66992986486525,-105.47140469600706
2002-03-18 14:59:03.559000,83.61805725097655,-144.93140661087943,-120.89426404029837
2002-03-18 14:59:07.576000,25.397609710693356,-95.98772555998032,-126.5697642658763
2002-03-18 14:59:11.594000,-30.07319068908691,-119.72285768429748,40.65818559007217
2002-03-18 14:59:15.600000,-44.98474121093749,-93.99398719625606,29.66495165370615
2002-03-18 14:59:19.618000,-35.40776824951171,-40.598432387551604,5.36072585806399
2002-03-18 14:59:23.635000,-28.10811042785644,-52.59214353874519,49.6758140999606
2002-03-18 14:59:27.652000,-25.150539398193366,-69.74331616480265,13.380177518646725
2002-03-18 14:59:31.669000,6.828361988067629,-29.163811322466863,-3.092468676040978
2002-03-18 14:59:35.686000,12.066049575805668,-36.84881585723609,-32.854119169782344
2002-03-18 14:59:39.703000,-26.107419967651374,-120.18491063287983,-35.8499923566986
2002-03-18 14:59:43.721000,40.81547927856446,-94.85764847805275,-118.22507142810642
2002-03-18 14:59:47.738000,58.60324859619142,-109.05020634977852,-133.83673750442907
2002-03-18 14:59:51.755000,20.752359390258793,-137.78851721294316,-112.50304939556432
2002-03-18 14:59:55.772000,-2.652170896530152,-87.31426065251398,-41.903359532725226
2002-03-18 14:59:59.789000,-18.00655937194824,-112.28139865707679,47.39941678754475
2002-03-18 15:00:03.806000,15.595849990844725,-111.91413914770588,28.637597168934636
2002-03-18 15:00:07.824000,-11.46457004547119,-132.82737381313322,85.86700391538156
2002-03-18 15:00:11.841000,12.257840156555174,-145.22653036630743,106.28063730616503
2002-03-18 15:00:15.858000,-35.53493118286132,-114.06300782640076,96.61026235971785
2002-03-18 15:00:19.875000,-36.5243911743164,-119.55735407180734,127.13247719514752
2002-03-18 15:00:23.893000,-106.35019683837889,-62.95710707570381,135.89283530098334
2002-03-18 15:00:27.910000,-127.95510101318358,-92.69722061313313,107.07389217041404
2002-03-18 15:00:31.927000,-120.14649963378906,-73.15419227717473,149.4477313534943
2002-03-18 15:00:35.944000,-61.653751373291016,-28.70056396175967,119.86813631987796
2002-03-18 15:00:39.961000,-54.99536895751953,-66.36213758563494,71.86512328947543
2002-03-18 15:00:43.978000,-70.91018676757812,-45.886665782841824,84.54415159726324
2002-03-18 15:00:47.996000,-65.41433715820312,-38.47203280839192,109.60277697415057
2002-03-18 15:00:52.013000,-96.13641357421875,-14.80368011551181,78.36277302127867
2002-03-18 15:00:56.030000,-65.67536163330078,-59.660372102483976,96.70959428759153
2002-03-18 15:01:00.047000,-35.765899658203125,-115.33719661303084,-20.323110821170044
2002-03-18 15:01:04.064000,-9.534798622131348,-112.47014942219437,-43.995757820994854
2002-03-18 15:01:08.081000,-3.8846840858459477,-84.42257879374084,-4.4403567254454614
2002-03-18 15:01:12.099000,-7.516797065734863,-97.16012489981922,-2.0633213603059986
2002-03-18 15:01:16.116000,35.65375900268555,-127.51146083201215,-5.816990484331576
2002-03-18 15:01:20.133000,28.588970184326172,-136.101413394304,-38.87686995464113
2002-03-18 15:01:24.155000,7.90174913406372,-129.48344842650124,-37.84628061620817
2002-03-18 15:01:28.173000,21.067550659179688,-126.34589302657403,-25.857509744867286
2002-03-18 15:01:32.190000,23.663280487060547,-145.11716229988932,-5.028621278390887
2002-03-18 15:01:36.207000,-11.35431957244873,-120.02396798150215,0.2628226519520638
2002-03-18 15:01:40.224000,-31.57958984375,-100.29580453644459,32.994024089999556
2002-03-18 15:01:44.241000,-35.29629898071289,-96.06226134383371,32.73359918059739
2002-03-18 15:01:48.258000,-53.347049713134766,-89.42199972586653,-4.071433618114636
2002-03-18 15:01:52.276000,-25.85858917236328,-76.50465189816963,38.50120582190999
2002-03-18 15:01:56.293000,-25.809240341186523,-61.90372183680886,32.00583977679358
2002-03-18 15:02:00.310000,-52.708309173583984,-53.8249303384126,53.227680432669075
2002-03-18 15:02:04.327000,-19.650869369506836,-61.00846622194631,49.03809908228838
2002-03-18 15:02:08.344000,-65.29853057861328,-68.67527326579231,101.66877345469652
2002-03-18 15:02:12.361000,-136.9761962890625,-55.814050003451044,108.31102943706597
2002-03-18 15:02:16.379000,-31.284940719604492,-27.57229145389345,28.695402729374678
2002-03-18 15:02:20.396000,-29.369510650634766,-77.51327048807958,38.96131166097986
2002-03-18 15:02:24.413000,-36.63801956176758,-182.78587901363088,33.91327928238052
2002-03-18 15:02:28.434000,-28.451990127563477,-170.90792515438955,0.844745547261617
2002-03-18 15:02:32.452000,-32.541160583496094,-149.34213247174677,8.240946581489801
2002-03-18 15:02:36.469000,3.0013968944549556,-132.76982198186104,-19.010552295849884
2002-03-18 15:02:40.486000,-8.14027404785156,-127.19061672969757,-1.4478449253359784
2002-03-18 15:02:44.503000,-9.582632064819334,-151.3668041684144,9.284912443877104
2002-03-18 15:02:48.520000,-22.86800956726074,-139.4507857412728,40.08758588572374
2002-03-18 15:02:52.537000,-63.950019836425774,-183.9348282029723,90.85490924498009
2002-03-18 15:02:56.555000,-114.70040130615233,-121.4982228498236,147.27006830533216
2002-03-18 15:03:00.572000,-91.43386840820311,-93.36942743802416,125.80774635288698
2002-03-18 15:03:04.589000,-91.99436950683592,-117.50567516671524,117.1146702459019
2002-03-18 15:03:08.606000,-145.66090393066403,-59.55586718277067,136.76017280710897
2002-03-18 15:03:12.623000,-116.84860229492188,-17.23087074883078,134.55338209746213
2002-03-18 15:03:16.640000,-113.1218032836914,-39.475946144226825,129.68300795915462
2002-03-18 15:03:20.657000,-111.40370178222656,-50.168230774038435,114.96611123187134
2002-03-18 15:03:24.675000,-106.2322998046875,-39.22206540278585,112.48601131632961
2002-03-18 15:03:28.692000,-101.76789855957031,-31.27513426095772,94.94874373558841
2002-03-18 15:03:32.709000,-116.38089752197266,-67.16323676774479,128.5028571371951
2002-03-18 15:03:36.726000,-34.45087814331055,-128.8975229665094,62.27354716241782
2002-03-18 15:03:40.744000,-43.716529846191406,-127.82805033786404,64.45090912941774
2002-03-18 15:03:44.761000,-52.08386993408203,-138.9060947231172,136.93184086475063
2002-03-18 15:03:48.778000,-88.25865173339844,-119.54052739399037,149.64050231073114
2002-03-18 15:03:52.795000,-105.05130004882812,-83.63975685645019,125.78971689674522
2002-03-18 15:03:56.812000,-105.9364013671875,-38.09812690441212,102.43964808145324
2002-03-18 15:04:00.829000,-103.51509857177734,-31.995052013226715,117.76747017533049
2002-03-18 15:04:04.847000,-104.51860046386719,0.3600922717501298,81.85242144479778
2002-03-18 15:04:08.864000,-94.0248031616211,-2.6299749535841457,91.43511555676722
2002-03-18 15:04:12.881000,-99.63056945800781,-10.36877456867769,95.38167943515096
2002-03-18 15:04:16.898000,-107.71610260009766,-13.4774541908012,97.39109657635225
2002-03-18 15:04:20.915000,-106.99140167236328,0.303675233680746,89.09705949005745
2002-03-18 15:04:24.932000,-100.41120147705078,-7.502046213647162,86.24938529796522
2002-03-18 15:04:28.950000,-104.1084976196289,-9.704695121958522,94.23898759094587
2002-03-18 15:04:32.967000,-103.63050079345703,-0.8410945199430131,117.25401907085676
2002-03-18 15:04:36.984000,-118.4354019165039,-17.045726906888977,105.60090618814124
2002-03-18 15:04:41.001000,-119.53250122070312,-3.553604983242053,126.71003766183622
2002-03-18 15:04:45.019000,-119.04049682617188,0.21679356400225203,119.96225813151389
2002-03-18 15:04:49.036000,-109.49559783935547,14.589873111230752,130.101307936629
2002-03-18 15:04:53.053000,-112.86309814453125,-0.31717782217774726,125.99774285428637
2002-03-18 15:04:57.070000,-109.00540161132812,-12.596248294874567,122.4545484325018
2002-03-18 15:05:01.087000,-109.52420043945312,-8.797923128480356,123.87998728272989
2002-03-18 15:05:05.104000,-112.89569854736328,-2.239235349033372,122.15989365126165
2002-03-18 15:05:09.122000,-113.82019805908203,2.5011651437414315,122.27409873465211
2002-03-18 15:05:13.139000,-121.78759765625,7.28463789341891,121.67801119529543
2002-03-18 15:05:17.156000,-130.4300994873047,1.9985928209193773,124.2987754538418
2002-03-18 15:05:21.173000,-114.6976013183594,10.22255650724972,134.21726195580976
2002-03-18 15:05:25.190000,-110.4767990112305,9.67149195766141,119.82881850987178
2002-03-18 15:05:29.207000,-125.71649932861331,1.303619595499228,114.95882468443503
2002-03-18 15:05:33.225000,-114.1433029174805,21.19719818484542,121.75091394606088
2002-03-18 15:05:37.242000,-114.10340118408206,4.546816149360723,113.803113324101
2002-03-18 15:05:41.249000,-117.84089660644534,-4.210542501946232,116.28322184813766
2002-03-18 15:05:45.266000,-112.67939758300784,-7.8703384219269985,111.72042112042575
2002-03-18 15:05:49.283000,-112.5820007324219,5.459461281644856,115.90868025380367
2002-03-18 15:05:53.300000,-123.53970336914062,4.030484431829883,123.14839444841877
2002-03-18 15:05:57.317000,-118.48030090332031,4.702276240633921,122.57491919340437
2002-03-18 15:06:01.334000,-113.0509033203125,3.403708412663562,119.93773339867369
2002-03-18 15:06:05.352000,-116.99579620361328,3.805101628307874,118.11656166217894
2002-03-18 15:06:09.369000,-115.0927963256836,-0.04622643988385278,122.89006523384133
2002-03-18 15:06:13.386000,-121.78150177001953,-2.057719935207153,121.48350725997688
2002-03-18 15:06:17.403000,-115.62259674072266,-1.3376070260810522,121.4460360280996
2002-03-18 15:06:21.420000,-111.01679992675781,19.568740749223373,123.12110194946737
2002-03-18 15:06:25.437000,-121.97650146484375,5.431620185893415,117.55032815075194
2002-03-18 15:06:29.455000,-124.6865005493164,3.8808800420025165,112.16875448453614
2002-03-18 15:06:33.472000,-112.20120239257812,7.303812108156826,115.86174963068262
2002-03-18 15:06:37.489000,-96.5937271118164,-0.041527374924790195,127.0913405433957
2002-03-18 15:06:41.506000,-94.76702880859375,-14.094506319784223,138.0383062413407
2002-03-18 15:06:45.523000,-87.28170013427734,-19.912019327596017,145.7411023615819
2002-03-18 15:06:49.540000,-82.28439331054688,-3.5564916396104707,137.16155450929793
2002-03-18 15:06:53.557000,-76.17030334472656,-10.063745898250815,130.25933928208167
2002-03-18 15:06:57.574000,-89.24743652343749,-16.77776048465539,129.13973990357678
2002-03-18 15:07:01.591000,-101.34670257568358,-12.965942109284605,135.9355524403654
2002-03-18 15:07:05.608000,-96.74133300781249,4.012817181055787,149.23635646922915
2002-03-18 15:07:09.625000,-103.59970092773436,-21.045517911364115,151.15651036764748
2002-03-18 15:07:13.643000,-128.28210449218747,-18.597954620786954,144.29183267024194
2002-03-18 15:07:17.660000,-136.9562072753906,-9.23142899131933,129.60262724315461
2002-03-18 15:07:21.677000,-151.74020385742185,-12.518996717502532,107.41879029691567
2002-03-18 15:07:25.694000,-121.5417022705078,26.264734209563628,129.2387369522996
2002-03-18 15:07:29.711000,-129.0626068115234,15.270179838675936,118.53042612772657
2002-03-18 15:07:33.728000,-130.3235931396484,30.834574986749182,111.9098842897263
2002-03-18 15:07:37.746000,-122.30609893798827,35.09956362009723,113.96006925681513
2002-03-18 15:07:41.763000,-110.56849670410155,33.75041574717978,111.3992845887218
2002-03-18 15:07:45.780000,-101.91819763183592,34.1236956178186,110.68634107666622
2002-03-18 15:07:49.797000,-105.66799926757811,46.02207580150933,109.28777898849262
2002-03-18 15:07:53.815000,-128.08290100097653,37.19173107382852,110.00330076090582
2002-03-18 15:07:57.832000,-129.25790405273435,22.58529713510154,121.14559539092465
2002-03-18 15:08:01.849000,-130.8144989013672,21.14572954153934,120.60375787036399
2002-03-18 15:08:05.866000,-125.3290023803711,18.231716908342896,118.52709391031948
2002-03-18 15:08:09.883000,-120.02100372314453,16.040782839617215,115.84291741691656
2002-03-18 15:08:13.900000,-114.6989974975586,12.761401137685446,119.83810307366716
2002-03-18 15:08:17.918000,-126.63279724121094,16.954782330942365,125.33154513401097
2002-03-18 15:08:21.935000,-95.86444854736328,38.49464549006007,123.92071236733207
2002-03-18 15:08:25.952000,-107.56310272216797,27.343056001190078,119.21581901592042
2002-03-18 15:08:29.969000,-104.49520111083984,19.255188352784224,99.480605199806
2002-03-18 15:08:33.986000,-85.64108276367188,21.906926501884634,117.58370737396586
2002-03-18 15:08:38.003000,-90.69046020507812,36.30688257674969,129.68866746447654
2002-03-18 15:08:42.021000,-98.62586975097656,21.531958100106998,124.20538954136555
2002-03-18 15:08:46.038000,-87.31726837158203,30.430529216783007,123.88989258131292
2002-03-18 15:08:50.055000,-87.77877807617188,34.724789977076526,110.98832551949168
2002-03-18 15:08:54.077000,-97.13939666748047,37.548592183348454,107.34822852455737
2002-03-18 15:08:58.095000,-101.39859771728516,32.892262209257574,117.72064620445508
2002-03-18 15:09:02.112000,-90.86998748779297,29.05421734925251,121.85539027912505
2002-03-18 15:09:06.129000,-85.52661895751953,14.079676932374937,102.0948995366442
2002-03-18 15:09:10.146000,-90.57391357421875,10.294944363738278,90.05172405549116
2002-03-18 15:09:14.163000,-100.75779724121094,15.927873875476774,100.2006114902983
2002-03-18 15:09:18.180000,-97.27509307861328,-4.9938488923899875,96.40041508445115
2002-03-18 15:09:22.198000,-97.42160034179688,6.338814854383532,101.70671968791751
2002-03-18 15:09:26.215000,-94.27047729492188,19.850307350223396,102.71737943740187
2002-03-18 15:09:30.232000,-104.6281967163086,30.700519068811758,110.56200466857041
2002-03-18 15:09:34.249000,-111.65160369873047,21.178250128525654,111.12231797333445
2002-03-18 15:09:38.266000,-123.23500061035155,5.195777027276353,93.10975610559572
2002-03-18 15:09:42.283000,-116.80899810791014,18.595996870105612,110.42346115968351
2002-03-18 15:09:46.301000,-119.36530303955077,29.812289247285737,114.0194899163567
2002-03-18 15:09:50.318000,-116.82640075683592,20.240020583698232,118.6505897660166
2002-03-18 15:09:54.335000,-118.01879882812499,5.96554517384633,120.11746629292693
2002-03-18 15:09:58.351000,-121.99069976806639,6.768442890962405,117.72802763997527
2002-03-18 15:10:02.369000,-130.37019348144528,4.057521443417144,117.6324524230728
2002-03-18 15:10:06.386000,-121.9710006713867,12.945165441867104,116.53893921670996
2002-03-18 15:10:10.403000,-122.5458984375,29.453985911779924,121.41314718256817
2002-03-18 15:10:14.420000,-122.82740020751953,17.4488668640889,117.0608606395253
2002-03-18 15:10:18.437000,-124.90350341796875,29.10451834490057,120.04669348282277
2002-03-18 15:10:22.454000,-128.8070068359375,28.04599302746206,123.20708476351875
2002-03-18 15:10:26.472000,-140.35069274902344,23.7732096109034,124.65584978451503
2002-03-18 15:10:30.489000,-136.30810546875,20.116611277952167,127.26099852860887
2002-03-18 15:10:34.506000,-126.31990051269531,7.515327050373024,136.05420568544872
2002-03-18 15:10:38.523000,-118.7042007446289,19.85725545661218,127.23153564345918
2002-03-18 15:10:42.540000,-119.64990234375,16.759061041259038,127.55241347224245
2002-03-18 15:10:46.557000,-140.95480346679688,7.279919334770291,116.78965167097678
2002-03-18 15:10:50.575000,-108.23529815673828,29.96979300997277,118.70693920427962
2002-03-18 15:10:54.592000,-110.87049865722656,22.9564897858587,118.94017811510574
2002-03-18 15:10:58.609000,-113.48290252685547,28.93613994839643,117.60177996222305
2002-03-18 15:11:02.631000,-117.93479919433594,10.950331857305045,122.20972839159231
2002-03-18 15:11:06.649000,-127.00420379638672,16.797277709547245,113.10740455968464
2002-03-18 15:11:10.666000,-119.78669738769531,25.183585486815602,125.73310810205778
2002-03-18 15:11:14.683000,-132.08700561523438,14.335452839020704,120.49082295722411
2002-03-18 15:11:18.700000,-123.48500061035156,16.797135270542498,122.11099169495944
2002-03-18 15:11:22.717000,-125.33450317382812,20.010808998754825,117.2196417385919
2002-03-18 15:11:26.734000,-120.85990142822266,20.982309156618,115.43545154272213
2002-03-18 15:11:30.752000,-133.94720458984375,21.07750339826937,117.69928646910994
2002-03-18 15:11:34.769000,-139.7449951171875,26.790698009351217,119.2608470117728
2002-03-18 15:11:38.786000,-130.75079345703125,34.081692382043826,117.76506820203537
2002-03-18 15:11:42.803000,-135.522705078125,35.11198308071128,115.54459977012034
2002-03-18 15:11:46.820000,-132.2303009033203,21.186974176582645,121.18820490766737
2002-03-18 15:11:50.837000,-128.82020568847656,34.327567191149576,116.66480139481314
2002-03-18 15:11:54.854000,-130.0426025390625,29.145907368356106,118.88694718003445
2002-03-18 15:11:58.872000,-133.5666961669922,28.166697771843438,107.33628552647467
2002-03-18 15:12:02.889000,-127.03269958496094,34.950288192091705,112.95235440374712
2002-03-18 15:12:06.906000,-127.04039764404297,32.41186002695863,118.4114194974855
2002-03-18 15:12:10.923000,-129.52169799804688,17.732883258120303,114.16365824617894
2002-03-18 15:12:14.941000,-144.7373046875,13.583938945231495,118.32724967132883
2002-03-18 15:12:18.958000,-136.43840026855466,36.680023893675454,115.44767926858177
2002-03-18 15:12:22.975000,-134.76750183105466,45.396020713857126,107.45064270589516
2002-03-18 15:12:26.992000,-140.81300354003903,52.47580026285822,111.1137704046075
2002-03-18 15:12:31.009000,-141.19169616699216,34.68299170685304,118.98436615528841
2002-03-18 15:12:35.026000,-148.7722015380859,25.756437440151743,124.37276303356458
2002-03-18 15:12:39.044000,-133.2471008300781,44.26029224629749,128.16921535548394
2002-03-18 15:12:43.061000,-141.1347961425781,22.745510310491,124.34568795487418
2002-03-18 15:12:47.078000,-130.51179504394528,34.64035823348633,132.59152486031527
2002-03-18 15:12:51.095000,-129.55250549316406,33.65296628363627,128.7195223830287
2002-03-18 15:12:55.112000,-139.81179809570312,26.48316837347526,126.54275607078428
2002-03-18 15:12:59.129000,-136.91079711914062,38.77218191154262,126.87872530023046
2002-03-18 15:13:03.147000,-126.23809814453125,43.92320769626136,127.17899329205835
2002-03-18 15:13:07.164000,-127.43589782714844,32.67018154496691,125.8952035213052
2002-03-18 15:13:11.186000,-137.45230102539062,34.82267740648366,130.18538756157568
2002-03-18 15:13:15.203000,-138.83419799804688,23.245128487359572,124.66855314830066
2002-03-18 15:13:19.221000,-142.96380615234375,28.59342707335147,122.4734087726691
2002-03-18 15:13:23.238000,-144.46530151367188,28.310834566612016,128.37709642143278
2002-03-18 15:13:27.255000,-131.40240478515625,31.64084715200398,126.75337926238642
2002-03-18 15:13:31.272000,-127.28620147705078,31.61318091567172,125.30239623146707
2002-03-18 15:13:35.289000,-135.10670471191406,33.65584526502937,120.09028419150172
2002-03-18 15:13:39.306000,-120.03140258789062,25.884538918324765,119.68586655239511
2002-03-18 15:13:43.324000,-126.11109924316406,33.86404941483459,127.62621806077333
2002-03-18 15:13:47.341000,-123.88819885253906,28.799097232696276,131.00513057483238
2002-03-18 15:13:51.358000,-121.2083969116211,29.877239193008485,130.83693962193325
2002-03-18 15:13:55.375000,-121.3486022949219,24.641829390440492,126.88592222580135
2002-03-18 15:13:59.392000,-130.40339660644534,18.87594310311659,129.49724520418144
2002-03-18 15:14:03.409000,-115.30979919433597,25.9458281849019,136.2206081926054
2002-03-18 15:14:07.427000,-123.8435974121094,22.666546872947798,126.10044158553728
2002-03-18 15:14:11.444000,-97.32879638671878,27.959108162118945,132.77388851460893
2002-03-18 15:14:15.461000,-114.82679748535159,19.25974048231629,127.07636488292289
2002-03-18 15:14:19.478000,-105.23419952392581,35.48662955929053,138.8479922480808
2002-03-18 15:14:23.496000,-118.96620178222659,19.175474980750437,144.00910176864215
2002-03-18 15:14:27.513000,-112.41699981689453,15.942272657655344,137.9205924409055
2002-03-18 15:14:31.530000,-123.7853012084961,0.5498599525828283,140.23228877991622
2002-03-18 15:14:35.547000,-108.95069885253906,11.714992086489865,146.17937268020526
2002-03-18 15:14:39.564000,-105.5967025756836,24.71256257042242,120.50543625280343
2002-03-18 15:14:43.581000,-113.68499755859375,27.49733508669859,124.59393464951975
2002-03-18 15:14:47.599000,-119.3135986328125,20.23437078259102,121.74668560688475
2002-03-18 15:14:51.616000,-127.91670227050781,22.67096927260051,121.91028580837344
2002-03-18 15:14:55.633000,-116.79409790039062,25.272659442632218,125.28890615304363
2002-03-18 15:14:59.650000,-126.35690307617186,17.91130029896521,127.06144390879831
