2002-03-18 14:15:00.241000,83.64299774169922,-34.50829686147797,-191.65708936211558
2002-03-18 14:15:04.259000,83.56800079345703,-34.47966074233334,-191.66205317847795
2002-03-18 14:15:08.276000,83.45999908447266,-34.49852015249384,-191.66877646581426
2002-03-18 14:15:12.293000,83.4520034790039,-34.47635737193329,-191.73206103518476
2002-03-18 14:15:16.310000,83.44000244140625,-34.44354738553508,-191.6605936686678
2002-03-18 14:15:20.327000,83.34100341796875,-34.46590878919621,-191.5931782261059
2002-03-18 14:15:24.344000,83.31700134277344,-34.418383300175805,-191.48385617511693
2002-03-18 14:15:28.362000,83.32499694824219,-34.40987158450238,-191.45310941656993
2002-03-18 14:15:32.379000,83.27999877929688,-34.351633046673605,-191.39641406470108
2002-03-18 14:15:36.396000,83.26300048828125,-34.31621068848822,-191.2886225365976
2002-03-18 14:15:40.413000,83.35399627685547,-34.27899869767285,-191.23877514320046
2002-03-18 14:15:44.430000,83.4530029296875,-34.19205488525743,-191.20842248681527
2002-03-18 14:15:48.448000,83.38400268554688,-34.1067703399069,-191.14829212672117
2002-03-18 14:15:52.465000,83.44000244140625,-33.978322677943126,-191.061573042008
2002-03-18 14:15:56.482000,83.43699645996094,-33.87282545870353,-191.00265534517249
2002-03-18 14:16:00.499000,83.4729995727539,-33.741865383317155,-190.9277209781561
2002-03-18 14:16:04.516000,83.36199951171874,-33.644575938426456,-190.83084731419328
2002-03-18 14:16:08.533000,83.32199859619139,-33.567993564205565,-190.721081158674
2002-03-18 14:16:12.551000,83.32700347900389,-33.429060064297246,-190.54445399099762
2002-03-18 14:16:16.568000,83.26999664306639,-33.40648822479164,-190.442617787084
2002-03-18 14:16:20.585000,83.22899627685545,-33.262140506911116,-190.4502792533501
2002-03-18 14:16:24.602000,83.20300292968749,-33.11195979508877,-190.51884659009852
2002-03-18 14:16:28.619000,83.23899841308592,-33.048659006481536,-190.507080283287
2002-03-18 14:16:32.637000,83.28399658203124,-32.97131013435477,-190.40334630410183
2002-03-18 14:16:36.654000,83.34600067138672,-32.926246704302685,-190.3929926090933
2002-03-18 14:16:40.671000,83.59700012207031,-32.85878188259533,-190.35696453993242
2002-03-18 14:16:44.688000,83.74700164794922,-32.888738303572325,-190.25424422860743
2002-03-18 14:16:48.705000,83.86699676513672,-32.89291696594496,-190.15732396825754
2002-03-18 14:16:52.722000,84.05400085449219,-32.85399936345351,-190.05783724325138
2002-03-18 14:16:56.740000,84.25800323486328,-32.88208528386323,-189.93364107185258
2002-03-18 14:17:00.757000,84.4520034790039,-32.8456102564325,-189.8641387078664
2002-03-18 14:17:04.774000,84.58100128173828,-32.856724656617466,-189.79961076212717
2002-03-18 14:17:08.791000,84.58000183105469,-32.81084464962981,-189.71271731877408
2002-03-18 14:17:12.808000,84.6969985961914,-32.82904249892064,-189.66285582538634
2002-03-18 14:17:16.826000,84.54499816894531,-32.78627948235951,-189.63844219482985
2002-03-18 14:17:20.843000,84.47699737548828,-32.74540936646428,-189.62504126765114
2002-03-18 14:17:24.860000,84.50900268554688,-32.68678700224543,-189.57704236857558
2002-03-18 14:17:28.877000,84.45800018310547,-32.668320244961635,-189.51713879301195
2002-03-18 14:17:32.894000,84.47699737548828,-32.582229320303504,-189.45978823859102
2002-03-18 14:17:36.912000,84.4729995727539,-32.571490458130434,-189.4158006058562
2002-03-18 14:17:40.929000,84.44400024414062,-32.54480768612687,-189.36912006756668
2002-03-18 14:17:44.946000,84.43199920654297,-32.558931451063906,-189.26369794752324
2002-03-18 14:17:48.963000,84.43499755859375,-32.51211002058396,-189.17326926204007
2002-03-18 14:17:52.980000,84.4020004272461,-32.50316424265081,-189.06816976664084
2002-03-18 14:17:56.998000,84.4260025024414,-32.45607229780151,-188.96825366351732
2002-03-18 14:18:01.015000,84.35800170898438,-32.44765294344737,-188.88212458525953
2002-03-18 14:18:05.032000,84.34700012207031,-32.426234601494905,-188.73878618073974
2002-03-18 14:18:09.049000,84.34700012207031,-32.38066812618738,-188.6027613482156
2002-03-18 14:18:13.066000,84.32800292968749,-32.26855268056226,-188.46952617784945
2002-03-18 14:18:17.083000,84.35099792480467,-32.24710192913891,-188.35750120347362
2002-03-18 14:18:21.101000,84.38999938964842,-32.27442764305036,-188.2017370535175
2002-03-18 14:18:25.118000,84.41100311279295,-32.22063609680663,-188.0412549031751
2002-03-18 14:18:29.135000,84.43099975585936,-32.13377552437352,-187.85196030950266
2002-03-18 14:18:33.152000,84.43099975585936,-32.07517255947414,-187.73494903411796
2002-03-18 14:18:37.169000,84.45700073242186,-32.01410580840882,-187.57435206540768
2002-03-18 14:18:41.187000,84.43399810791014,-31.884473890430932,-187.40552069900627
2002-03-18 14:18:45.204000,84.40299987792969,-31.72700003749322,-187.26768576262754
2002-03-18 14:18:49.221000,84.37200164794922,-31.58228663484234,-187.06601578733213
2002-03-18 14:18:53.238000,84.28500366210938,-31.481097913793015,-186.9172619195867
2002-03-18 14:18:57.255000,84.2030029296875,-31.445276419232556,-186.78727631820294
2002-03-18 14:19:01.272000,84.14600372314453,-31.404031066817886,-186.67862259614125
2002-03-18 14:19:05.290000,84.12300109863281,-31.292428210824205,-186.55388094800554
2002-03-18 14:19:09.307000,84.0469970703125,-31.229599761777372,-186.45435657519866
2002-03-18 14:19:13.324000,83.9469985961914,-31.151038563433794,-186.42741009245287
2002-03-18 14:19:17.341000,83.86499786376953,-31.038447798648733,-186.34884577607866
2002-03-18 14:19:21.358000,83.81999969482422,-30.937620538818145,-186.28165576940756
2002-03-18 14:19:25.376000,83.7699966430664,-30.86195387480622,-186.22106744619708
2002-03-18 14:19:29.393000,83.80400085449219,-30.822381921121007,-186.1379970429932
2002-03-18 14:19:33.410000,83.87000274658203,-30.862008543029333,-186.05910034085505
2002-03-18 14:19:37.427000,83.96399688720703,-30.838733243976456,-185.97051639226078
2002-03-18 14:19:41.444000,84.08399963378906,-30.833555670702452,-185.8843010153592
2002-03-18 14:19:45.461000,84.19200134277344,-30.82684552129527,-185.79969341640958
2002-03-18 14:19:49.479000,84.2969970703125,-30.747635275336634,-185.71129731422667
2002-03-18 14:19:53.496000,84.35800170898438,-30.743470267949697,-185.59088383840466
2002-03-18 14:19:57.513000,84.4229965209961,-30.742429247139924,-185.48081323489524
2002-03-18 14:20:01.530000,84.40399932861328,-30.792662083301195,-185.44278260313482
2002-03-18 14:20:05.547000,84.4280014038086,-30.875140889054336,-185.33302649018526
2002-03-18 14:20:09.565000,84.46800231933594,-30.882805281155548,-185.25279313884346
2002-03-18 14:20:13.582000,84.4520034790039,-30.92646564829885,-185.20542880673105
2002-03-18 14:20:17.599000,84.41999816894531,-30.955233593869245,-185.1692309584888
2002-03-18 14:20:21.616000,84.33999633789062,-30.99432727302588,-185.20778104374682
2002-03-18 14:20:25.633000,84.2959976196289,-30.99923023676802,-185.20196807989876
2002-03-18 14:20:29.650000,84.17400360107422,-31.016869323065187,-185.1749259960804
2002-03-18 14:20:33.668000,84.12100219726562,-31.094896864861795,-185.1829910607467
2002-03-18 14:20:37.685000,84.16300201416016,-31.147348823661012,-185.12055970535766
2002-03-18 14:20:41.702000,84.08799743652344,-31.24774941362461,-185.01731002967082
2002-03-18 14:20:45.719000,84.01499938964844,-31.35464452921105,-184.94426742072332
2002-03-18 14:20:49.736000,83.95600128173828,-31.402100713267025,-184.88449466420528
2002-03-18 14:20:53.753000,83.88899993896483,-31.38125658784957,-184.7973238360861
2002-03-18 14:20:57.771000,83.82199859619139,-31.307166415383314,-184.69738835697174
2002-03-18 14:21:01.788000,83.68099975585936,-31.282951592881915,-184.58128769188747
2002-03-18 14:21:05.805000,83.60099792480467,-31.269053500655417,-184.44847083894268
2002-03-18 14:21:09.822000,83.48100280761717,-31.202637823619376,-184.25470361102927
2002-03-18 14:21:13.839000,83.45899963378905,-31.20517367619977,-184.10912383291208
2002-03-18 14:21:17.857000,83.33399963378905,-31.18241299269706,-183.9882501365407
2002-03-18 14:21:21.874000,83.15599822998045,-31.106819707118298,-183.90353676161126
2002-03-18 14:21:25.891000,82.96199798583984,-31.008121587946228,-183.84266997654677
2002-03-18 14:21:29.908000,82.84400177001953,-30.96204366482798,-183.69896680526188
2002-03-18 14:21:33.925000,82.71399688720703,-30.965894304562987,-183.59036998882988
2002-03-18 14:21:37.942000,82.58300018310547,-30.963005180325965,-183.49016651352034
2002-03-18 14:21:41.960000,82.57599639892578,-31.00250410181836,-183.3777984033763
2002-03-18 14:21:45.977000,82.66300201416016,-30.95904825004922,-183.22549880367214
2002-03-18 14:21:49.994000,82.65399932861328,-31.058967802341165,-183.07615598196762
2002-03-18 14:21:54.011000,82.68800354003906,-31.028240560310124,-182.98837550343032
2002-03-18 14:21:58.028000,82.70500183105467,-30.938609268192216,-182.9772271123722
2002-03-18 14:22:02.046000,82.67099761962889,-31.004539137707056,-182.9325379801526
2002-03-18 14:22:06.063000,82.66400146484374,-31.042462064168987,-182.8562897774441
2002-03-18 14:22:10.080000,82.69000244140624,-30.951378062254193,-182.75736557832658
2002-03-18 14:22:14.097000,82.68299865722655,-30.957985230028044,-182.71861971224683
2002-03-18 14:22:18.114000,82.67900085449217,-30.95955430823708,-182.69294956808778
2002-03-18 14:22:22.131000,82.6230010986328,-30.944901533443137,-182.61423892994074
2002-03-18 14:22:26.149000,82.68299865722655,-30.953488024461784,-182.46629912497974
2002-03-18 14:22:30.166000,82.68299865722655,-30.848234083896635,-182.3593749250971
2002-03-18 14:22:34.183000,82.58799743652342,-30.752852248357918,-182.26433000970752
2002-03-18 14:22:38.200000,82.54199981689452,-30.645045325233134,-182.16548620230466
2002-03-18 14:22:42.217000,82.6179962158203,-30.506388488266467,-182.08545243352845
2002-03-18 14:22:46.234000,82.63700103759764,-30.31027901216506,-181.90942890780843
2002-03-18 14:22:50.252000,82.6220016479492,-30.13210513800842,-181.767115327835
2002-03-18 14:22:54.269000,82.55999755859374,-29.96942656948221,-181.6117483461975
2002-03-18 14:22:58.286000,82.43499755859374,-29.8380042853248,-181.46700683120346
2002-03-18 14:23:02.303000,82.36799621582031,-29.569751604116433,-181.23025657122994
2002-03-18 14:23:06.320000,82.33200073242188,-29.55550612472271,-181.03764327963097
2002-03-18 14:23:10.338000,82.39800262451172,-29.573394553495042,-180.90403199699148
2002-03-18 14:23:14.355000,82.46299743652344,-29.62120691931682,-180.71369142622103
2002-03-18 14:23:18.372000,82.64600372314453,-29.54681778119813,-180.51940731794514
2002-03-18 14:23:22.389000,82.85800170898438,-29.43316240080958,-180.37481184003167
2002-03-18 14:23:26.406000,82.88300323486328,-29.411090069507026,-180.31367159486007
2002-03-18 14:23:30.423000,82.84700012207031,-29.43353430377313,-180.4282562191302
2002-03-18 14:23:34.441000,82.69699859619142,-29.301880778403344,-180.3711528449
2002-03-18 14:23:38.458000,82.82199859619142,-29.17497020852838,-180.22558638713025
2002-03-18 14:23:42.475000,83.03099822998048,-28.92914499333265,-179.99022401598216
2002-03-18 14:23:46.492000,83.30300140380861,-28.665261535764266,-179.77964997344193
2002-03-18 14:23:50.509000,83.44499969482423,-28.615838448916527,-179.56892197973127
2002-03-18 14:23:54.527000,83.31500244140626,-28.538703461849472,-179.49298366356638
2002-03-18 14:23:58.544000,83.0800018310547,-28.552337896098493,-179.5201755418971
2002-03-18 14:24:02.561000,82.79499816894533,-28.572972259122402,-179.49721407586753
2002-03-18 14:24:06.578000,82.71600341796875,-28.591357197505623,-179.40837634979147
2002-03-18 14:24:10.595000,82.74600219726562,-28.50078530941994,-179.32515323542384
2002-03-18 14:24:14.613000,82.68499755859375,-28.460633123749815,-179.31283306476405
2002-03-18 14:24:18.630000,82.62699890136719,-28.491067779036186,-179.21023751552414
2002-03-18 14:24:22.647000,82.55599975585938,-28.42091230205196,-179.09457364606746
2002-03-18 14:24:26.664000,82.5270004272461,-28.442317064701562,-179.01118559769338
2002-03-18 14:24:30.681000,82.55799865722656,-28.498983132271277,-178.89467656883346
2002-03-18 14:24:34.698000,82.56900024414062,-28.486706866590737,-178.80513570386725
2002-03-18 14:24:38.716000,82.53800201416016,-28.42060661771371,-178.6819486555405
2002-03-18 14:24:42.733000,82.51399993896484,-28.415196753378446,-178.5871930116396
2002-03-18 14:24:46.750000,82.44200134277344,-28.428323215314826,-178.51380702415267
2002-03-18 14:24:50.767000,82.4229965209961,-28.408859882695587,-178.40008047486162
2002-03-18 14:24:54.784000,82.48300170898438,-28.471588089913297,-178.25720295041847
2002-03-18 14:24:58.802000,82.54900360107422,-28.554084293292192,-178.1078356653463
2002-03-18 14:25:02.819000,82.67400360107422,-28.582178146193833,-177.95850056481925
2002-03-18 14:25:06.836000,82.8489990234375,-28.621291097291902,-177.80733080090994
2002-03-18 14:25:10.853000,82.95999908447266,-28.510687561483685,-177.676707392814
2002-03-18 14:25:14.870000,83.01399993896484,-28.52603190724978,-177.4941506311701
2002-03-18 14:25:18.887000,83.125,-28.45440437539127,-177.36645304811768
2002-03-18 14:25:22.905000,83.13099670410156,-28.436600293879174,-177.21345174016918
2002-03-18 14:25:26.922000,83.14800262451172,-28.482013082911372,-177.03177786378788
2002-03-18 14:25:30.939000,83.21399688720703,-28.37642059831014,-176.88526845026323
2002-03-18 14:25:34.956000,83.34100341796875,-28.300235240466478,-176.7247674070955
2002-03-18 14:25:38.973000,83.51599884033203,-28.23014763955254,-176.51384307722915
2002-03-18 14:25:42.990000,83.75900268554688,-28.146606591113247,-176.33376731125486
2002-03-18 14:25:47.008000,83.86299896240234,-28.123911241998613,-176.2273751035076
2002-03-18 14:25:51.025000,83.80899810791016,-28.116275017546336,-176.21142071188677
2002-03-18 14:25:55.042000,83.81199645996094,-28.180823609048765,-176.185268014297
2002-03-18 14:25:59.059000,83.87899780273438,-28.19070155735082,-176.0920356347583
2002-03-18 14:26:03.076000,83.92400360107422,-28.17638106897654,-176.01962721105622
2002-03-18 14:26:07.094000,83.87300109863281,-28.163667709597156,-175.9895442469949
2002-03-18 14:26:11.111000,83.86100006103516,-28.089342644874286,-175.97607668052436
2002-03-18 14:26:15.128000,83.8280029296875,-28.009082076795238,-175.9622610163633
2002-03-18 14:26:19.145000,83.74199676513672,-27.989146984380497,-175.97601045561748
2002-03-18 14:26:23.162000,83.71099853515625,-27.98644741758006,-175.94064042216698
2002-03-18 14:26:27.179000,83.7770004272461,-27.98156324111428,-175.8648377404561
2002-03-18 14:26:31.197000,83.9209976196289,-28.03079200408446,-175.7900222792083
2002-03-18 14:26:35.214000,84.00900268554688,-28.118463599212717,-175.73646380522698
2002-03-18 14:26:39.231000,84.03199768066406,-28.27321658626891,-175.74023231789138
2002-03-18 14:26:43.248000,84.09300231933594,-28.35395303872678,-175.7295481403529
2002-03-18 14:26:47.265000,84.12500000000001,-28.389408525805912,-175.78504228039534
2002-03-18 14:26:51.282000,84.16600036621095,-28.605427760660483,-175.7701033207699
2002-03-18 14:26:55.300000,84.16300201416017,-28.53237894869119,-175.8134758234451
2002-03-18 14:26:59.317000,84.19799804687501,-28.476396031218634,-175.85585620530466
2002-03-18 14:27:03.334000,84.43599700927736,-28.535667096792054,-175.76215979176402
2002-03-18 14:27:07.351000,84.49900054931642,-28.48322140333019,-175.7794745084507
2002-03-18 14:27:11.368000,84.08599853515626,-28.43323743818658,-175.93462852322418
2002-03-18 14:27:15.386000,84.19100189208986,-28.508349174822456,-175.88454696963066
2002-03-18 14:27:19.403000,84.41600036621094,-28.48867832200164,-175.78606753432518
2002-03-18 14:27:23.420000,84.552001953125,-28.370008520158258,-175.66880451436626
2002-03-18 14:27:27.437000,84.59300231933594,-28.648116796840014,-175.6291414260217
2002-03-18 14:27:31.454000,84.70700073242188,-28.534997684634185,-175.60569766267298
2002-03-18 14:27:35.472000,84.81600189208984,-28.387496657843414,-175.50046231139967
2002-03-18 14:27:39.489000,84.93199920654297,-28.411945866330555,-175.4043993544501
2002-03-18 14:27:43.506000,84.88500213623047,-28.534216910634868,-175.34065979321582
2002-03-18 14:27:47.523000,84.81300354003906,-28.55032115774339,-175.22421038920803
2002-03-18 14:27:51.540000,84.79900360107422,-28.549880947541347,-175.10131462933893
2002-03-18 14:27:55.557000,84.83100128173828,-28.536309899604404,-174.94219815541229
2002-03-18 14:27:59.575000,84.93900299072266,-28.46059837886326,-174.7470993804439
2002-03-18 14:28:03.592000,84.88800048828125,-28.49625826731134,-174.51004798297578
2002-03-18 14:28:07.609000,84.802001953125,-28.493371527205476,-174.28932509220175
2002-03-18 14:28:11.626000,84.74700164794922,-28.47945749627852,-174.070429186925
2002-03-18 14:28:15.643000,84.7030029296875,-28.32480675436763,-173.85301387974255
2002-03-18 14:28:19.661000,84.63800048828125,-28.137666723475668,-173.63913853851105
2002-03-18 14:28:23.678000,84.71099853515626,-27.953581699648886,-173.3366136704609
2002-03-18 14:28:27.695000,84.63999938964845,-27.820858919565985,-173.075645368337
2002-03-18 14:28:31.712000,84.3509979248047,-27.753859250918843,-173.04861200534262
2002-03-18 14:28:35.729000,83.98699951171876,-27.708377452757695,-173.18527082640665
2002-03-18 14:28:39.746000,83.72399902343751,-27.582615437199273,-173.20599117805426
2002-03-18 14:28:43.764000,83.58599853515626,-27.490362072352895,-173.04759022497126
2002-03-18 14:28:47.781000,83.56400299072267,-27.42934271288611,-172.81198149788494
2002-03-18 14:28:51.798000,83.6019973754883,-27.294848211001245,-172.5567581725114
2002-03-18 14:28:55.815000,83.44200134277344,-27.14155989394149,-172.48323489118448
2002-03-18 14:28:59.832000,83.05500030517578,-27.00344411104531,-172.47284428410268
2002-03-18 14:29:03.849000,82.74500274658203,-26.91545240166645,-172.53036891097634
2002-03-18 14:29:07.867000,82.43599700927734,-26.862723938379986,-172.50458904001877
2002-03-18 14:29:11.884000,82.15699768066406,-26.79236308324323,-172.4073759982278
2002-03-18 14:29:15.901000,82.02100372314453,-26.685562973694545,-172.26222839663856
2002-03-18 14:29:19.918000,81.93499755859375,-26.557393732520964,-172.07799004282575
2002-03-18 14:29:23.935000,81.72899627685547,-26.485149257756717,-171.96658134348104
2002-03-18 14:29:27.953000,81.44300079345703,-26.41460797697229,-171.9571704953138
2002-03-18 14:29:31.970000,81.08200073242188,-26.438349972447746,-171.7896687704322
2002-03-18 14:29:35.987000,80.75800323486328,-26.34100733200136,-171.5332787120624
2002-03-18 14:29:40.004000,80.71499633789062,-26.216021258855676,-171.16357168174494
2002-03-18 14:29:44.021000,80.67500305175781,-26.24283511693406,-170.94573591534322
2002-03-18 14:29:48.038000,80.62000274658203,-26.153781268439992,-170.75367301768821
2002-03-18 14:29:52.056000,80.30000305175781,-26.040499058628782,-170.52165205859094
2002-03-18 14:29:56.073000,80.00499725341797,-25.924313148106208,-170.3023263118437
2002-03-18 14:30:00.090000,79.80899810791014,-25.59025888247568,-170.0807994915155
2002-03-18 14:30:04.107000,79.31099700927733,-25.436351644773694,-170.04028371343585
2002-03-18 14:30:08.124000,78.8730010986328,-25.148578314852934,-170.04296636741063
2002-03-18 14:30:12.142000,78.65699768066405,-24.81691052986325,-170.095887112762
2002-03-18 14:30:16.159000,78.21399688720702,-24.77124414650035,-170.27646029346425
2002-03-18 14:30:20.176000,77.8929977416992,-24.77512365677528,-170.28081435664703
2002-03-18 14:30:24.193000,77.68000030517577,-24.74499995917916,-170.40129613961327
2002-03-18 14:30:28.210000,77.32599639892577,-24.799277541804265,-170.51975126717736
2002-03-18 14:30:32.228000,76.8460006713867,-24.826670141926485,-170.7580170807853
2002-03-18 14:30:36.245000,76.31600189208983,-24.953812538652485,-171.0426773210562
2002-03-18 14:30:40.262000,76.12400054931639,-25.080885133473856,-171.10212841016335
2002-03-18 14:30:44.279000,76.08399963378905,-25.19085281720232,-171.17615139819807
2002-03-18 14:30:48.296000,75.99099731445311,-25.25202387178394,-171.1512130147405
2002-03-18 14:30:52.313000,76.03099822998045,-25.57296386441149,-171.03535569226617
2002-03-18 14:30:56.331000,76.21399688720702,-25.920119382332047,-170.94966442288035
2002-03-18 14:31:00.348000,76.37100219726561,-26.181759750581044,-170.8897237652674
2002-03-18 14:31:04.365000,76.34100341796875,-26.320664246427057,-171.00833841489583
2002-03-18 14:31:08.382000,76.4010009765625,-26.45518044030692,-170.99683071599492
2002-03-18 14:31:12.399000,76.9020004272461,-26.649242797269856,-170.78079500927828
2002-03-18 14:31:16.417000,77.3479995727539,-26.937193409196944,-170.77102753271205
2002-03-18 14:31:20.434000,77.9530029296875,-27.113674051670507,-170.72233274154257
2002-03-18 14:31:24.451000,78.62000274658203,-27.15898470606212,-170.5332506111844
2002-03-18 14:31:28.468000,79.43399810791016,-27.116979972130665,-170.2142999444624
2002-03-18 14:31:32.485000,79.6709976196289,-27.328890117272778,-170.1494124161639
2002-03-18 14:31:36.502000,79.47200012207031,-27.575147842454243,-170.23702049078724
2002-03-18 14:31:40.519000,79.78700256347656,-27.81923817609635,-170.18327867826633
2002-03-18 14:31:44.537000,80.30699920654297,-27.839970819412613,-169.97918603525451
2002-03-18 14:31:48.554000,80.51899719238281,-27.84374297649063,-169.8798055254747
2002-03-18 14:31:52.571000,80.40299987792969,-27.735676153003403,-169.95084708035267
2002-03-18 14:31:56.588000,80.33599853515625,-28.00461691974384,-169.98866522645991
2002-03-18 14:32:00.605000,80.36399841308594,-28.349608301724686,-170.00098149168974
2002-03-18 14:32:04.623000,80.65499877929688,-28.545421411334445,-169.9206671118994
2002-03-18 14:32:08.640000,81.17400360107423,-28.588553296610762,-169.77353814473247
2002-03-18 14:32:12.657000,81.57299804687501,-28.702477955376033,-169.67713179921415
2002-03-18 14:32:16.674000,81.7050018310547,-28.986202092022005,-169.6945185449335
2002-03-18 14:32:20.691000,81.92400360107423,-29.073180647503428,-169.7279895172233
2002-03-18 14:32:24.708000,82.28099822998048,-29.065243189413387,-169.6762567753566
2002-03-18 14:32:28.726000,82.78099822998048,-28.93500781403759,-169.54652835170876
2002-03-18 14:32:32.743000,83.19200134277345,-29.140022119004556,-169.38323793955055
2002-03-18 14:32:36.760000,83.27999877929689,-29.14849690276621,-169.39635636592368
2002-03-18 14:32:40.777000,83.53199768066405,-29.092062730629955,-169.29689757140474
2002-03-18 14:32:44.794000,84.00900268554686,-29.157409642349272,-168.98413563574886
2002-03-18 14:32:48.812000,84.65100097656249,-29.263205658662677,-168.61908307916838
2002-03-18 14:32:52.829000,85.07499694824217,-29.610547271300952,-168.28241752515322
2002-03-18 14:32:56.846000,85.45500183105467,-29.65742885553037,-168.08228544505175
2002-03-18 14:33:00.863000,85.76599884033202,-29.285749252936803,-167.94403184577502
2002-03-18 14:33:04.880000,86.0240020751953,-28.9942062164792,-167.76062515457338
2002-03-18 14:33:08.897000,86.00499725341795,-29.07895832293955,-167.60691982282563
2002-03-18 14:33:12.915000,86.05000305175781,-29.17875753384152,-167.42522287613244
2002-03-18 14:33:16.932000,86.2249984741211,-28.84775921241338,-167.19058177475983
2002-03-18 14:33:20.949000,86.50399780273438,-28.795430669203128,-166.905938817947
2002-03-18 14:33:24.966000,86.61299896240234,-28.72138486243312,-166.73080250590243
2002-03-18 14:33:28.983000,86.8290023803711,-28.611570241349085,-166.51931338454847
2002-03-18 14:33:33.001000,87.05699920654297,-28.513720905137838,-166.33987271142806
2002-03-18 14:33:37.018000,87.36000061035156,-28.33314898837208,-166.23722725017282
2002-03-18 14:33:41.035000,87.4010009765625,-28.336426731985206,-166.2434822710701
2002-03-18 14:33:45.052000,87.49700164794922,-28.351201487073816,-166.3575875897835
2002-03-18 14:33:49.069000,87.40399932861328,-28.35504759960734,-166.51913749907993
2002-03-18 14:33:53.086000,87.56400299072266,-28.167555490154783,-166.57563239923672
2002-03-18 14:33:57.104000,87.61599731445312,-28.069099155843546,-166.7292214052581
2002-03-18 14:34:01.121000,87.46800231933594,-28.233111103987078,-166.89802091566793
2002-03-18 14:34:05.138000,87.56800079345703,-28.547398602838634,-166.87498060279634
2002-03-18 14:34:09.155000,87.77100372314453,-28.630694036987244,-166.79315609289313
2002-03-18 14:34:13.172000,87.98400115966797,-28.528073009492694,-166.67923339632412
2002-03-18 14:34:17.189000,88.20099639892578,-28.231474543040527,-166.60250362693063
2002-03-18 14:34:21.207000,88.41699981689453,-28.13848909970595,-166.49470853744776
2002-03-18 14:34:25.224000,88.58100128173828,-28.034908747347117,-166.41399013761315
2002-03-18 14:34:29.241000,88.66000366210938,-27.98649935194282,-166.30445115525862
2002-03-18 14:34:33.258000,88.81900024414062,-27.88911367581261,-166.23405767868238
2002-03-18 14:34:37.275000,88.79000091552734,-27.77380889941942,-166.22405801909147
2002-03-18 14:34:41.293000,88.80500030517578,-27.86407138186189,-166.176938170972
2002-03-18 14:34:45.310000,88.94300079345703,-28.090322461169087,-166.0037497661427
2002-03-18 14:34:49.327000,89.16400146484374,-27.986186200332632,-165.9086279140645
2002-03-18 14:34:53.344000,89.2740020751953,-27.884107046821832,-165.87654474558036
2002-03-18 14:34:57.361000,89.2990036010742,-27.77812991422084,-165.89355576339526
2002-03-18 14:35:01.379000,89.46199798583983,-27.6529992165881,-165.84479069464444
2002-03-18 14:35:05.396000,89.50499725341795,-27.737225076480087,-165.77690992343867
2002-03-18 14:35:09.413000,89.70400238037108,-27.80727336053522,-165.6574208233553
2002-03-18 14:35:13.430000,89.95700073242186,-27.932248156775508,-165.47658103542327
2002-03-18 14:35:17.447000,90.00399780273436,-27.911316696985196,-165.3997696369414
2002-03-18 14:35:21.464000,90.15599822998047,-28.02850718163615,-165.25465981471268
2002-03-18 14:35:25.482000,90.2300033569336,-28.074994664023194,-165.21688405980493
2002-03-18 14:35:29.499000,90.17900085449219,-28.116458493153694,-165.27500976352212
2002-03-18 14:35:33.516000,90.14299774169922,-28.142775451692103,-165.24134846452938
2002-03-18 14:35:37.533000,90.12000274658203,-28.138438408772913,-165.17183886991276
2002-03-18 14:35:41.550000,89.95500183105469,-28.043348905860945,-165.14087655456055
2002-03-18 14:35:45.568000,89.99299621582031,-27.900266766211757,-164.94593318212483
2002-03-18 14:35:49.585000,89.98100280761719,-27.811690167943567,-164.70105242956043
2002-03-18 14:35:53.602000,89.91899871826172,-27.6120036229456,-164.43093886252592
2002-03-18 14:35:57.619000,89.82499694824219,-27.409011886796684,-164.16673516000066
2002-03-18 14:36:01.636000,89.70800018310547,-27.180901165535275,-164.00889253116623
2002-03-18 14:36:05.653000,89.66999816894531,-27.02165581054325,-163.7888680808833
2002-03-18 14:36:09.671000,89.625,-26.91922511938592,-163.48504314571
2002-03-18 14:36:13.688000,89.55500030517578,-26.801588639632648,-163.1994968709643
2002-03-18 14:36:17.705000,89.2770004272461,-26.58456077055162,-163.02313249296103
2002-03-18 14:36:21.722000,88.99199676513672,-26.34143517000483,-162.93290308436931
2002-03-18 14:36:25.739000,88.68900299072266,-25.959742243032636,-162.8489567019504
2002-03-18 14:36:29.757000,88.38600158691406,-25.68510394377148,-162.68578070891857
2002-03-18 14:36:33.774000,87.7020034790039,-25.657356885755625,-162.6906600867977
2002-03-18 14:36:37.791000,87.42900085449219,-25.51906550059207,-162.6271173371656
2002-03-18 14:36:41.808000,87.2229995727539,-25.361848252443586,-162.54710862711303
2002-03-18 14:36:45.825000,86.98400115966797,-25.239881370015304,-162.51492320147696
2002-03-18 14:36:49.842000,86.73799896240234,-25.065775572333962,-162.50509085688867
2002-03-18 14:36:53.860000,86.40299987792969,-25.075113752390486,-162.51538047736213
2002-03-18 14:36:57.877000,86.10399627685547,-25.004211290865562,-162.4996619347891
2002-03-18 14:37:01.894000,85.9489974975586,-25.053146023296073,-162.5539208301266
2002-03-18 14:37:05.911000,85.78600311279297,-25.157389893707254,-162.58578746629897
2002-03-18 14:37:09.928000,85.69100189208984,-25.211239516522305,-162.571335148148
2002-03-18 14:37:13.946000,85.71600341796875,-25.19632840381646,-162.62850442195625
2002-03-18 14:37:17.963000,85.84700012207031,-25.25711217761421,-162.61203363070112
2002-03-18 14:37:21.980000,85.86900329589844,-25.342282021582598,-162.5781098841314
2002-03-18 14:37:25.997000,85.93399810791016,-25.42113015912325,-162.504441583731
2002-03-18 14:37:30.014000,85.90799713134764,-25.609271150335623,-162.49526954522435
2002-03-18 14:37:34.031000,86.00900268554686,-25.76344692053423,-162.38251421230615
2002-03-18 14:37:38.049000,86.12000274658202,-26.017683427036737,-162.29823019378742
2002-03-18 14:37:42.066000,86.21600341796874,-26.06577904020135,-162.258914614471
2002-03-18 14:37:46.083000,86.3929977416992,-26.021547120673013,-162.15996575141082
2002-03-18 14:37:50.100000,86.65100097656249,-25.919051383026463,-162.05624435904735
2002-03-18 14:37:54.117000,86.82499694824217,-25.78513531762028,-161.96564859784763
2002-03-18 14:37:58.135000,86.97599792480467,-25.66431077596357,-161.883401390926
2002-03-18 14:38:02.152000,87.15399932861328,-25.507017297806918,-161.75662580873907
2002-03-18 14:38:06.169000,87.29900360107422,-25.490806781180154,-161.68854511006685
2002-03-18 14:38:10.186000,87.18299865722656,-25.505310288413554,-161.68580641318388
2002-03-18 14:38:14.203000,87.19400024414062,-25.387337042566756,-161.66419013226172
2002-03-18 14:38:18.220000,87.61699676513672,-25.317571121714174,-161.4637884988332
2002-03-18 14:38:22.238000,88.13899993896484,-25.30777929462529,-161.19320906047457
2002-03-18 14:38:26.255000,88.33300018310547,-25.186590742457206,-161.16847815301372
2002-03-18 14:38:30.272000,88.40899658203125,-25.07475104072533,-161.1341109029281
2002-03-18 14:38:34.289000,88.5260009765625,-25.00800582475884,-161.10602763250898
2002-03-18 14:38:38.306000,88.7490005493164,-25.033634279666067,-160.93581722502665
2002-03-18 14:38:42.323000,88.78700256347656,-25.146997256279377,-160.66753758620376
2002-03-18 14:38:46.341000,88.80500030517578,-25.204148296696765,-160.36149530556244
2002-03-18 14:38:50.358000,88.77100372314453,-25.17393843488113,-160.02985851164445
2002-03-18 14:38:54.375000,88.66200256347656,-25.1069744244965,-159.6718930595041
2002-03-18 14:38:58.392000,88.48699951171875,-25.04080922553363,-159.26174186250222
2002-03-18 14:39:02.409000,88.23400115966797,-25.051088668552048,-158.9083161099553
2002-03-18 14:39:06.427000,88.0189971923828,-24.90272079762689,-158.67681254405866
2002-03-18 14:39:10.444000,87.79599761962889,-24.8800091880386,-158.48390280565212
2002-03-18 14:39:14.461000,87.65699768066405,-24.829334860658292,-158.3691905128571
2002-03-18 14:39:18.478000,87.53700256347655,-24.79175426415759,-158.21982839284212
2002-03-18 14:39:22.495000,87.37899780273436,-24.77816774131393,-158.0014950799811
2002-03-18 14:39:26.512000,87.09799957275389,-24.84203228164145,-157.91264745427384
2002-03-18 14:39:30.530000,87.00599670410155,-24.809559084195485,-157.8100189917012
2002-03-18 14:39:34.547000,86.8720016479492,-24.9328724127571,-157.80823564892222
2002-03-18 14:39:38.564000,86.81600189208986,-24.960749925590335,-157.80252113016587
2002-03-18 14:39:42.581000,86.80599975585939,-24.9421923556867,-157.74206044415277
2002-03-18 14:39:46.598000,86.59899902343751,-24.918738059822076,-157.69368483077898
2002-03-18 14:39:50.616000,86.37599945068361,-24.98527828012167,-157.58996152872433
2002-03-18 14:39:54.633000,86.29900360107423,-25.04281203682038,-157.40889525246354
2002-03-18 14:39:58.650000,86.13700103759767,-25.02096775115357,-157.2728930298884
2002-03-18 14:40:02.667000,85.8830032348633,-24.88061629540558,-157.23249116500097
2002-03-18 14:40:06.684000,85.73799896240236,-24.924001686206545,-157.19171283676303
2002-03-18 14:40:10.701000,85.78600311279298,-24.79651115027727,-157.17014633717713
2002-03-18 14:40:14.719000,85.89900207519533,-24.772467871768164,-157.12366730786061
2002-03-18 14:40:18.736000,86.01699829101564,-24.80027075204862,-157.02968105132206
2002-03-18 14:40:22.753000,86.18299865722658,-24.760853621938175,-156.96886373924832
2002-03-18 14:40:26.770000,86.27500152587892,-24.74538850596334,-156.8558602807605
2002-03-18 14:40:30.787000,86.35299682617189,-24.736936811399524,-156.7010060219868
2002-03-18 14:40:34.804000,86.50499725341798,-24.68451248870008,-156.4765515178188
2002-03-18 14:40:38.822000,86.54499816894533,-24.632096175605,-156.36753266921107
2002-03-18 14:40:42.839000,86.48300170898438,-24.417801720364146,-156.34228565204234
2002-03-18 14:40:46.856000,86.56300354003906,-24.311383461219577,-156.30733185409002
2002-03-18 14:40:50.873000,86.74500274658203,-24.20278576160878,-156.20347955886348
2002-03-18 14:40:54.890000,86.8949966430664,-24.08708174524275,-156.08895629291266
2002-03-18 14:40:58.908000,86.91100311279297,-23.978295813159505,-156.01862572650953
2002-03-18 14:41:02.925000,86.80699920654297,-23.93155455975932,-156.04676751190237
2002-03-18 14:41:06.942000,86.60099792480469,-23.892753854722706,-156.14879763956506
2002-03-18 14:41:10.959000,86.37999725341797,-23.876376456742022,-156.29576355713553
2002-03-18 14:41:14.976000,86.24600219726561,-23.83731649660806,-156.3491868863375
2002-03-18 14:41:18.993000,86.15399932861327,-23.9445787525485,-156.3288118897465
2002-03-18 14:41:23.011000,85.99400329589842,-24.03587614402236,-156.34533932120618
2002-03-18 14:41:27.028000,85.91200256347655,-24.08890541312274,-156.26463381456168
2002-03-18 14:41:31.045000,85.83399963378905,-23.98140433599101,-156.12118550295486
2002-03-18 14:41:35.062000,85.8679962158203,-23.88717243758878,-156.02501980457419
2002-03-18 14:41:39.079000,85.81900024414061,-23.721070107811308,-155.94685442324428
2002-03-18 14:41:43.097000,85.8460006713867,-23.478698266873856,-155.9860588346514
2002-03-18 14:41:47.114000,85.97599792480469,-23.335075046711758,-155.99863639196252
2002-03-18 14:41:51.131000,86.14900207519531,-23.084377873202115,-156.08023932301808
2002-03-18 14:41:55.148000,86.32599639892578,-22.884273671105838,-156.1118754101111
2002-03-18 14:41:59.165000,86.56700134277344,-22.581420948381812,-156.02146863711766
2002-03-18 14:42:03.183000,86.68199920654297,-22.384923335881716,-155.91358832193052
2002-03-18 14:42:07.200000,86.69999694824219,-22.34148333902398,-155.7800490955705
2002-03-18 14:42:11.217000,86.76399993896484,-22.350621334093063,-155.6528065398111
2002-03-18 14:42:15.234000,86.93699645996094,-22.325876762171006,-155.49688537598792
2002-03-18 14:42:19.251000,87.23600006103516,-22.270887203565373,-155.40611240519019
2002-03-18 14:42:23.268000,87.35700225830078,-22.379337316904838,-155.3788354489591
2002-03-18 14:42:27.286000,87.33300018310547,-22.577581176133336,-155.45166416653453
2002-03-18 14:42:31.303000,87.18699645996094,-22.697409650150846,-155.52672139181504
2002-03-18 14:42:35.320000,87.02200317382812,-22.670800986930203,-155.6001068549291
2002-03-18 14:42:39.337000,87.08300018310547,-22.554286315318272,-155.53765914232838
2002-03-18 14:42:43.354000,87.1510009765625,-22.400851151219236,-155.4560552229848
2002-03-18 14:42:47.372000,87.29100036621094,-22.136475314842023,-155.40618646617682
2002-03-18 14:42:51.389000,87.42199707031249,-21.8289537230471,-155.38257232824776
2002-03-18 14:42:55.406000,87.69999694824217,-21.811031563749417,-155.1794361720491
2002-03-18 14:42:59.423000,87.80699920654295,-21.6012384150116,-155.0377372581693
2002-03-18 14:43:03.440000,88.06400299072264,-21.514624568919537,-154.82942044835434
2002-03-18 14:43:07.457000,88.23300170898436,-21.52287009888294,-154.59370946791663
2002-03-18 14:43:11.474000,88.52600097656249,-21.448716678644367,-154.31693230588178
2002-03-18 14:43:15.492000,88.99600219726561,-21.297608730420883,-154.00502923793394
2002-03-18 14:43:19.509000,89.36000061035155,-21.18958272664176,-153.77829129959056
2002-03-18 14:43:23.526000,89.61000061035155,-21.076426956638272,-153.61792790776133
2002-03-18 14:43:27.543000,89.72899627685545,-21.11625122557524,-153.48053706633775
2002-03-18 14:43:31.560000,89.81900024414061,-21.203871819877534,-153.31854993885548
2002-03-18 14:43:35.578000,89.98100280761717,-21.292911127814,-153.1160621403255
2002-03-18 14:43:39.595000,90.08200073242186,-21.36912788567409,-152.89791229510658
2002-03-18 14:43:43.612000,90.26399993896483,-21.375967985028304,-152.58822855053847
2002-03-18 14:43:47.629000,90.40399932861327,-21.47647074293073,-152.22874974236433
2002-03-18 14:43:51.646000,90.37499999999999,-21.67369043783271,-151.97376479770037
2002-03-18 14:43:55.664000,90.32599639892577,-21.739110053284357,-151.74990221337447
2002-03-18 14:43:59.681000,90.02799987792967,-21.66304417895458,-151.48289205812884
2002-03-18 14:44:03.698000,89.89099884033202,-21.366677131862296,-151.11368920087665
2002-03-18 14:44:07.715000,89.90200042724608,-21.020225421148766,-150.62234606080466
2002-03-18 14:44:11.732000,89.8730010986328,-20.846319237984275,-150.23152572627467
2002-03-18 14:44:15.749000,89.81600189208983,-20.73438881616078,-149.896295186183
2002-03-18 14:44:19.767000,90.06300354003905,-20.483751138596823,-149.60057729424722
2002-03-18 14:44:23.784000,90.59999847412108,-20.449868002747642,-149.23159371154156
2002-03-18 14:44:27.801000,90.68499755859374,-20.616000315206037,-149.13495923239577
2002-03-18 14:44:31.818000,90.60600280761717,-21.012969585662816,-149.14169516085937
2002-03-18 14:44:35.835000,90.51499938964842,-21.036044539720812,-149.28565718991476
2002-03-18 14:44:39.853000,90.17199707031249,-21.196560295324872,-149.5052663008749
2002-03-18 14:44:43.870000,89.82399749755858,-21.287760264879033,-149.5744881738633
2002-03-18 14:44:47.887000,89.31099700927733,-21.185440665563675,-149.7033601539998
2002-03-18 14:44:51.904000,88.90899658203124,-21.177734083619285,-149.7502471053352
2002-03-18 14:44:55.921000,88.58399963378905,-21.046556252644358,-149.78583521006303
2002-03-18 14:44:59.938000,88.2429962158203,-20.873891943855625,-149.91256070696897
2002-03-18 14:45:03.956000,87.83000183105467,-20.7746359073002,-150.1264349047516
2002-03-18 14:45:07.973000,87.4919967651367,-20.639943989726035,-150.33942584776784
2002-03-18 14:45:11.990000,87.08799743652342,-20.671689359613296,-150.59017974193137
2002-03-18 14:45:16.007000,86.76399993896483,-20.510464359733028,-150.866076182181
2002-03-18 14:45:20.024000,86.74400329589842,-20.214104305509444,-151.04282216131267
2002-03-18 14:45:24.042000,86.5960006713867,-19.80304160042696,-151.52721073668687
2002-03-18 14:45:28.059000,86.57599639892577,-19.47976467665041,-151.9999244598792
2002-03-18 14:45:32.076000,86.56199645996094,-19.19062841148167,-152.33153176697613
2002-03-18 14:45:36.093000,86.76899719238281,-18.938344678368956,-152.40050657289612
2002-03-18 14:45:40.110000,87.21700286865234,-18.68353735114202,-152.28483025860376
2002-03-18 14:45:44.127000,87.71299743652344,-18.397408509647654,-152.16852493429036
2002-03-18 14:45:48.145000,88.20099639892578,-18.15436666323299,-152.0587376745816
2002-03-18 14:45:52.162000,88.302001953125,-18.089091325087843,-152.04611588008606
2002-03-18 14:45:56.179000,88.49500274658203,-18.059054672380263,-152.01542657293786
2002-03-18 14:46:00.196000,88.6050033569336,-18.21076869928278,-152.0695438241642
2002-03-18 14:46:04.213000,88.88899993896484,-18.20127702130773,-152.14201573419888
2002-03-18 14:46:08.230000,88.88800048828125,-18.267532914363272,-152.41555316582364
2002-03-18 14:46:12.248000,88.87000274658203,-18.316737964096653,-152.85275055591873
2002-03-18 14:46:16.265000,88.9280014038086,-18.27013361840467,-153.3231363754729
2002-03-18 14:46:20.282000,89.10700225830078,-18.120943499421422,-153.71738107675498
2002-03-18 14:46:24.299000,89.20700073242188,-17.962212404599768,-154.1053909719902
2002-03-18 14:46:28.316000,89.54900360107422,-17.638159865429223,-154.53361110281045
2002-03-18 14:46:32.334000,90.23300170898438,-17.199906870802593,-154.73273146327793
2002-03-18 14:46:36.351000,91.28399658203125,-16.83565756423898,-154.79051011092702
2002-03-18 14:46:40.368000,92.76699829101562,-16.654451698383816,-154.4566855836759
2002-03-18 14:46:44.385000,94.27300262451172,-16.52170287575194,-153.79700726444364
2002-03-18 14:46:48.402000,95.37699890136719,-16.442934660562365,-152.7259999469631
2002-03-18 14:46:52.420000,96.13200378417969,-16.285729778860592,-151.48783118559578
2002-03-18 14:46:56.437000,96.54299926757812,-16.348657983371915,-150.45312480300584
2002-03-18 14:47:00.454000,96.80999755859375,-16.4273251176204,-149.50965162251217
2002-03-18 14:47:04.471000,97.0199966430664,-16.429429805706647,-148.7642571115868
2002-03-18 14:47:08.488000,97.62000274658203,-16.47697508535635,-147.94415008755692
2002-03-18 14:47:12.505000,98.1729965209961,-16.625560860329273,-147.17558713015185
2002-03-18 14:47:16.523000,98.63800048828125,-17.041475833890203,-146.41883437832968
2002-03-18 14:47:20.540000,99.21399688720703,-17.869211410193294,-145.60075864895168
2002-03-18 14:47:24.557000,99.39199829101562,-18.846860453651246,-144.81959423199447
2002-03-18 14:47:28.574000,98.73699951171875,-20.40861110182268,-144.93974876156813
2002-03-18 14:47:32.591000,98.10800170898438,-21.60569364396634,-145.99298866389316
2002-03-18 14:47:36.609000,98.11299896240234,-22.947425056530193,-146.92062800068578
2002-03-18 14:47:40.626000,97.50599670410156,-23.859059581030316,-147.56998180469182
2002-03-18 14:47:44.643000,96.98899841308594,-23.254038270068243,-147.38363976172735
2002-03-18 14:47:48.660000,96.39199829101562,-22.37828023879105,-147.26417243542116
2002-03-18 14:47:52.677000,95.78600311279297,-21.66106361858926,-147.772018318442
2002-03-18 14:47:56.694000,95.52400207519531,-21.19388392565785,-148.30296731163483
2002-03-18 14:48:00.712000,95.54000091552734,-20.61203472480488,-148.37952935843995
2002-03-18 14:48:04.729000,95.51300048828125,-19.83963794226755,-148.07384084855806
2002-03-18 14:48:08.746000,95.41799926757812,-18.982052928729544,-147.3948038052834
2002-03-18 14:48:12.763000,95.03700256347655,-18.245897705101285,-147.06043594566012
2002-03-18 14:48:16.780000,94.56600189208983,-17.550533346423677,-146.990703530561
2002-03-18 14:48:20.797000,94.38300323486327,-16.53562158173341,-147.05393574368134
2002-03-18 14:48:24.815000,94.43499755859374,-15.264750140938894,-146.7262321093266
2002-03-18 14:48:28.832000,94.15200042724608,-14.376877417517989,-146.25141374312284
2002-03-18 14:48:32.849000,93.90699768066405,-14.06867832810373,-146.342871307743
2002-03-18 14:48:36.866000,94.6179962158203,-13.830409331135655,-146.32557382861606
2002-03-18 14:48:40.883000,95.83599853515624,-13.965180808854782,-145.8804454298454
2002-03-18 14:48:44.900000,97.04299926757812,-14.542547534083312,-145.10057204773793
2002-03-18 14:48:48.918000,97.62000274658203,-15.426846093130372,-144.0501933704938
2002-03-18 14:48:52.935000,97.40499877929688,-16.28552577054071,-142.88112008155255
2002-03-18 14:48:56.952000,96.71800231933594,-17.132203998415797,-142.18650140402207
2002-03-18 14:49:00.969000,95.83399963378906,-17.5360602270664,-141.99160413912267
2002-03-18 14:49:04.986000,94.84300231933594,-17.283454926478257,-141.88231667365514
2002-03-18 14:49:09.004000,94.03199768066406,-16.839170714099332,-142.0041660596254
2002-03-18 14:49:13.021000,93.63200378417969,-16.41230638271732,-141.9718592786612
2002-03-18 14:49:17.038000,93.29299926757811,-16.22674776857403,-141.49781650739448
2002-03-18 14:49:21.055000,92.44200134277342,-16.22303532287807,-141.1370092081435
2002-03-18 14:49:25.072000,91.46099853515624,-15.86371451555133,-141.33362350107555
2002-03-18 14:49:29.090000,90.53399658203124,-15.27856411317805,-141.77231543872315
2002-03-18 14:49:33.107000,90.02500152587889,-14.777242194980957,-142.17303597103054
2002-03-18 14:49:37.124000,89.70099639892577,-14.415517609284628,-142.50976440176728
2002-03-18 14:49:41.141000,89.1169967651367,-14.219815452630876,-142.92774377288777
2002-03-18 14:49:45.158000,88.47399902343749,-13.954573449191649,-143.39148044098522
2002-03-18 14:49:49.175000,87.947998046875,-13.766043451275436,-143.69067442616108
2002-03-18 14:49:53.193000,87.6520004272461,-13.588109524235364,-143.66224890013243
2002-03-18 14:49:57.210000,87.7020034790039,-13.239645533156114,-143.4500785993284
2002-03-18 14:50:01.227000,87.93800354003906,-12.87631017382386,-143.19310239965478
2002-03-18 14:50:05.244000,88.19200134277344,-12.453795363730165,-142.93055017519646
2002-03-18 14:50:09.261000,88.0780029296875,-12.00798680468224,-142.76872925574406
2002-03-18 14:50:13.279000,87.66400146484375,-11.452271418271039,-142.7573073700719
2002-03-18 14:50:17.296000,87.6050033569336,-10.8123956443848,-142.52290361728305
2002-03-18 14:50:21.313000,87.85900115966797,-10.208753611807339,-142.18090078014097
2002-03-18 14:50:25.330000,89.18000030517578,-9.97198314401789,-141.2382700127374
2002-03-18 14:50:29.347000,89.71700286865234,-10.404324652464972,-140.6081683113739
2002-03-18 14:50:33.364000,89.41100311279297,-11.422454329528641,-140.31394817895654
2002-03-18 14:50:37.382000,88.77100372314453,-12.588137220830674,-140.27390414549302
2002-03-18 14:50:41.399000,87.65299987792969,-13.56343831122767,-140.41480780339688
2002-03-18 14:50:45.416000,86.85399627685547,-13.80408275682288,-140.3217341773132
2002-03-18 14:50:49.433000,86.87100219726562,-13.629468306264933,-139.90520481738236
2002-03-18 14:50:53.450000,87.34600067138673,-13.30531897058114,-139.25828023299718
2002-03-18 14:50:57.467000,88.20899963378908,-12.988001993584916,-138.51848773648047
2002-03-18 14:51:01.485000,88.99600219726564,-12.91682764932576,-138.27545583574508
2002-03-18 14:51:05.502000,90.04299926757814,-12.715000565899842,-138.16863235512136
2002-03-18 14:51:09.519000,91.29000091552736,-12.365564995166366,-138.16935418875445
2002-03-18 14:51:13.536000,92.16100311279298,-12.39279386076015,-138.31812514202272
2002-03-18 14:51:17.553000,92.69899749755861,-12.991427620167713,-138.41442563497813
2002-03-18 14:51:21.571000,92.44200134277345,-14.735720905266597,-138.69386802094283
2002-03-18 14:51:25.588000,90.6510009765625,-16.046533281828694,-139.78522419336204
2002-03-18 14:51:29.605000,88.16600036621094,-15.643612398873735,-141.50614913249083
2002-03-18 14:51:33.622000,87.4469985961914,-15.061129237819763,-142.22066918344973
2002-03-18 14:51:37.639000,86.94000244140625,-14.704386920153645,-142.72380907245673
2002-03-18 14:51:41.656000,86.48999786376953,-14.153461235901695,-142.919503257683
2002-03-18 14:51:45.674000,86.5009994506836,-13.34125586533537,-142.69750371093699
2002-03-18 14:51:49.691000,87.09100341796875,-11.877205689545498,-142.2585163541411
2002-03-18 14:51:53.708000,88.43199920654297,-11.029436867945279,-141.35271640199113
2002-03-18 14:51:57.725000,89.3479995727539,-11.381926573546963,-140.6681273052209
2002-03-18 14:52:01.742000,89.625,-12.132328059087449,-140.2874095931421
2002-03-18 14:52:05.760000,89.36499786376953,-12.751766842241949,-140.16899387434557
2002-03-18 14:52:09.777000,89.2239990234375,-13.21701263985679,-140.126424194497
2002-03-18 14:52:13.794000,89.25399780273438,-13.696996498423815,-140.11600981894645
2002-03-18 14:52:17.811000,88.78700256347656,-14.172152691056645,-141.27918397392907
2002-03-18 14:52:21.828000,89.08000183105469,-14.152462443389496,-143.26113229131028
2002-03-18 14:52:25.846000,90.41899871826172,-14.397255949510239,-144.66882581196717
2002-03-18 14:52:29.863000,91.9970016479492,-15.922255024270399,-146.4603251225012
2002-03-18 14:52:33.880000,92.90799713134764,-18.587293163861702,-149.19058155035657
2002-03-18 14:52:37.897000,92.60800170898436,-18.95617886055598,-154.22391628331602
2002-03-18 14:52:41.914000,95.51999664306639,-16.362788698257724,-157.22310140188907
2002-03-18 14:52:45.931000,100.08899688720702,-15.230602062279011,-154.33263122228192
2002-03-18 14:52:49.948000,101.93000030517577,-15.468148856755683,-149.4524845067323
2002-03-18 14:52:53.966000,100.98000335693358,-16.19574005254379,-145.29984131110507
2002-03-18 14:52:57.983000,98.21800231933592,-16.250790734887893,-142.60112490519666
2002-03-18 14:53:02,95.71399688720702,-16.00735304024152,-141.60144928225156
2002-03-18 14:53:06.017000,93.5240020751953,-16.25445705936729,-141.3804120945074
2002-03-18 14:53:10.034000,91.02100372314452,-17.221298392090468,-141.7729452766586
2002-03-18 14:53:14.052000,85.49400329589842,-16.58155377332651,-145.16118065411885
2002-03-18 14:53:18.069000,84.85199737548827,-12.307856172638473,-146.11915860097542
2002-03-18 14:53:22.086000,86.73699951171874,-9.335524788756238,-144.31923739264474
2002-03-18 14:53:26.103000,89.02700042724608,-8.549420613718155,-141.61823197803474
2002-03-18 14:53:30.120000,89.09799957275389,-9.07154757611137,-139.71309421961587
2002-03-18 14:53:34.138000,87.80999755859375,-10.33955727592545,-138.79778807503192
2002-03-18 14:53:38.155000,87.06300354003906,-11.24853604485643,-138.8918022177938
2002-03-18 14:53:42.172000,87.572998046875,-11.926350893289587,-139.44988239581633
2002-03-18 14:53:46.189000,88.93099975585938,-12.538007558766957,-139.72840285404686
2002-03-18 14:53:50.206000,90.00599670410156,-12.9944188593741,-138.42051350114806
2002-03-18 14:53:54.223000,89.04900360107422,-13.28800249943447,-137.38440888094854
2002-03-18 14:53:58.241000,87.8740005493164,-12.533001864114546,-137.6166368770206
2002-03-18 14:54:02.258000,87.74800109863281,-12.30725836793409,-137.75938517456723
2002-03-18 14:54:06.275000,88.16200256347658,-12.515115102074638,-137.59609045596798
2002-03-18 14:54:10.292000,89.14199829101564,-12.808088239243894,-137.05341215781297
2002-03-18 14:54:14.309000,89.55200195312501,-12.463364012407872,-137.1896431712136
2002-03-18 14:54:18.326000,89.43699645996095,-12.269860001953674,-137.8428788742561
2002-03-18 14:54:22.344000,89.85399627685548,-11.507583494000642,-138.02300962764477
2002-03-18 14:54:26.361000,90.87400054931642,-11.236503012468049,-137.93502505820985
2002-03-18 14:54:30.378000,91.75499725341798,-11.187031268826594,-138.55031767444115
2002-03-18 14:54:34.395000,91.31999969482423,-11.404996046296382,-140.29336884670047
2002-03-18 14:54:38.412000,89.46099853515626,-10.434504390345765,-142.2248714036762
2002-03-18 14:54:42.430000,87.84999847412111,-7.9596545166962684,-142.76580969835175
2002-03-18 14:54:46.447000,87.59600067138673,-5.701217458108587,-141.53150882496166
2002-03-18 14:54:50.464000,88.61499786376955,-4.718921757796508,-139.39362974223553
2002-03-18 14:54:54.481000,90.14800262451173,-4.784130833714663,-138.23502755214187
2002-03-18 14:54:58.498000,90.65100097656251,-6.36592715191982,-138.78679088784418
2002-03-18 14:55:02.515000,93.83999633789064,-8.1686249217695,-139.06695927941587
2002-03-18 14:55:06.533000,94.09500122070314,-8.147787805119215,-140.72124755500036
2002-03-18 14:55:10.550000,95.927001953125,-8.182438718210598,-140.19360241029813
2002-03-18 14:55:14.567000,98.54100036621094,-10.997642232754337,-141.69326579946048
2002-03-18 14:55:18.584000,100.10299682617188,-15.316850776374245,-145.2663171996208
2002-03-18 14:55:22.601000,95.56300354003906,-18.748695546111442,-150.8181226585922
2002-03-18 14:55:26.619000,89.48799896240234,-19.656270638953835,-153.91952726695337
2002-03-18 14:55:30.636000,83.21499633789062,-18.885520955357215,-156.22198612987688
2002-03-18 14:55:34.653000,80.40899658203125,-18.721659742581025,-154.56775313282967
2002-03-18 14:55:38.670000,74.61299896240234,-16.896802005176305,-156.23466024813632
2002-03-18 14:55:42.687000,67.94200134277342,-13.472062589163514,-157.3524488964258
2002-03-18 14:55:46.705000,63.187000274658196,-8.793256006061327,-156.62284176349877
2002-03-18 14:55:50.722000,66.75800323486327,3.33143632379371,-155.7192308800665
2002-03-18 14:55:54.739000,73.98000335693358,7.929310941287994,-152.39659910643857
2002-03-18 14:55:58.756000,83.15599822998045,5.87003284976727,-146.35773607919427
2002-03-18 14:56:02.773000,89.91600036621092,2.4417553902797238,-141.48091325386054
2002-03-18 14:56:06.790000,93.5179977416992,0.4914448939739344,-138.45227175165866
2002-03-18 14:56:10.808000,92.7689971923828,4.525265449543909,-133.18233450587084
2002-03-18 14:56:14.825000,84.88300323486328,2.8728582869035506,-133.42738671457747
2002-03-18 14:56:18.842000,90.51000213623047,2.5610847770462044,-135.68276555925598
2002-03-18 14:56:22.859000,101.04399871826172,-8.908584017319892,-108.52110695408466
2002-03-18 14:56:26.876000,77.2959976196289,-16.73564364348649,-112.42729950180106
2002-03-18 14:56:30.894000,66.93000030517578,-19.999655901999255,-114.33344630397508
2002-03-18 14:56:34.911000,54.92300033569336,-26.03968808679563,-125.99850249785759
2002-03-18 14:56:38.928000,63.678001403808594,-9.815403502123992,-149.1339741625024
2002-03-18 14:56:42.945000,67.64399719238281,0.03067271190533205,-145.1552732899707
2002-03-18 14:56:46.962000,74.02799987792969,9.718686037321142,-144.2945068798705
2002-03-18 14:56:50.979000,79.6500015258789,4.089338505358192,-140.65514357480646
2002-03-18 14:56:54.997000,77.84300231933594,5.450172728844279,-138.76568220064445
2002-03-18 14:56:59.014000,84.98899841308594,-4.3828898560864005,-140.2175747983898
2002-03-18 14:57:03.031000,76.39399719238281,1.2237054764047457,-138.17614528554532
2002-03-18 14:57:07.048000,76.04299926757812,3.6347785318917545,-136.64103862191305
2002-03-18 14:57:11.065000,69.86599731445312,3.1825959468556775,-134.53347457587287
2002-03-18 14:57:15.082000,69.8759994506836,15.580937154473027,-132.9468065772944
2002-03-18 14:57:19.100000,76.57599639892577,14.892051644454707,-134.0278909687903
2002-03-18 14:57:23.117000,81.20999908447264,11.047712649557667,-132.99422987304965
2002-03-18 14:57:27.134000,78.21499633789061,11.042790076295915,-108.72937698856403
2002-03-18 14:57:31.151000,67.46900177001952,0.9964646627294371,-95.07091747114019
2002-03-18 14:57:35.168000,53.831001281738274,3.2363681828973725,-99.79965635372949
2002-03-18 14:57:39.186000,45.05199813842773,64.40508371931216,-64.6472488591586
2002-03-18 14:57:43.203000,24.15200042724609,76.53234781722088,-60.2267454571314
2002-03-18 14:57:47.220000,13.19699954986572,96.71015347770633,-43.70666811972809
2002-03-18 14:57:51.237000,23.222999572753906,91.03900438129517,-44.32368650210408
2002-03-18 14:57:55.254000,25.160999298095703,85.21900748415416,-49.06881691768798
2002-03-18 14:57:59.271000,35.05400085449219,58.737387916477836,-43.88935268978761
2002-03-18 14:58:03.289000,56.020999908447266,69.98197634822598,-70.8341919002356
2002-03-18 14:58:07.306000,62.75699996948242,71.04625008471484,-84.08166878476621
2002-03-18 14:58:11.323000,45.53900146484375,33.847800586879686,-75.35669888628678
2002-03-18 14:58:15.340000,38.939998626708984,34.51961580714039,-83.5912449599522
2002-03-18 14:58:19.357000,40.775001525878906,38.152360711816975,-65.10262832527093
2002-03-18 14:58:23.375000,57.27199935913086,41.88793136328652,-48.2000619033674
2002-03-18 14:58:27.392000,63.58599853515625,35.31309799959023,-74.36057897196629
2002-03-18 14:58:31.409000,34.887001037597656,2.8491654931580364,-81.71685647682358
2002-03-18 14:58:35.426000,29.354000091552734,15.320247130535266,-58.04130141896559
2002-03-18 14:58:39.443000,46.340999603271484,17.235437166579665,-79.68927536799856
2002-03-18 14:58:43.460000,42.35499954223633,3.8620889214777883,-76.9062864175824
2002-03-18 14:58:47.478000,33.4379997253418,39.06483033573682,-71.31760058540452
2002-03-18 14:58:51.495000,-3.427000045776367,41.3187354885808,-59.919276303973696
2002-03-18 14:58:55.512000,-10.44699954986572,62.84238472961564,-76.06663154289558
2002-03-18 14:58:59.529000,25.80800056457519,61.10434114141224,-84.56779514435868
2002-03-18 14:59:03.546000,40.86700057983398,37.15675859172474,-77.5345116194698
2002-03-18 14:59:07.564000,27.257999420166012,55.910746520023565,-49.47920064538342
2002-03-18 14:59:11.581000,-22.590000152587887,73.2018755228516,20.550638111465627
2002-03-18 14:59:15.598000,-38.05899810791015,85.75957762814889,17.607792241410337
2002-03-18 14:59:19.615000,-7.900000095367431,106.34702360800537,2.220565193646344
2002-03-18 14:59:23.632000,9.01900005340576,101.05744007297638,0.4374041847536567
2002-03-18 14:59:27.649000,13.277999877929688,90.85851422767142,-24.003982650645305
2002-03-18 14:59:31.667000,18.83099937438965,114.97505867412642,-30.56206157105357
2002-03-18 14:59:35.684000,12.880999565124512,99.13491571304229,-65.94518424335124
2002-03-18 14:59:39.701000,-4.557000160217285,27.596161906488497,-61.66769656845049
2002-03-18 14:59:43.718000,15.288000106811523,35.82398465889431,-75.10282284530636
2002-03-18 14:59:47.735000,43.691001892089844,48.592114612982925,-96.19232429746656
2002-03-18 14:59:51.752000,33.91699981689453,51.49252264397356,-69.2337582308466
2002-03-18 14:59:55.770000,15.24899959564209,71.23497346044513,-53.69830302541833
2002-03-18 14:59:59.787000,3.974999904632569,84.75069297462323,-8.106148723201532
2002-03-18 15:00:03.804000,7.992000102996826,77.29433622745698,-4.476776432440396
2002-03-18 15:00:07.821000,5.736000061035156,77.80377356094644,15.797361735086005
2002-03-18 15:00:11.838000,0.40500000119209323,76.99960966445364,27.797849480610722
2002-03-18 15:00:15.856000,-2.6259999275207515,75.87115837042252,30.120297810971163
2002-03-18 15:00:19.873000,-19.784000396728516,62.740508514741734,71.84915669531792
2002-03-18 15:00:23.890000,-36.755001068115234,79.17700342820014,68.85200795584014
2002-03-18 15:00:27.907000,-67.72899627685547,76.09289965839078,56.133436528530055
2002-03-18 15:00:31.924000,-68.24600219726562,83.84175759444453,66.15696719850615
2002-03-18 15:00:35.941000,-48.926998138427734,96.39357994437813,62.2879708434959
2002-03-18 15:00:39.959000,-34.82699966430664,96.68677386499353,39.01519818759561
2002-03-18 15:00:43.976000,-36.56800079345703,109.47807038500551,31.948826059996037
2002-03-18 15:00:47.993000,-36.862998962402344,105.77234909313943,37.80336123716908
2002-03-18 15:00:52.010000,-45.70600128173828,111.86111303773583,22.779871578087096
2002-03-18 15:00:56.027000,-34.152000427246094,102.1715374837054,24.36484141792424
2002-03-18 15:01:00.045000,-15.831000328063965,86.74214330126344,-51.7146299283708
2002-03-18 15:01:04.062000,-3.6740000247955313,116.62572715777557,-55.055554715017884
2002-03-18 15:01:08.079000,15.163000106811522,122.64900135847374,-26.908546919799186
2002-03-18 15:01:12.096000,11.123999595642088,102.94819256178212,-34.46259527503493
2002-03-18 15:01:16.113000,24.20499992370605,83.68228178186759,-29.608648971799926
2002-03-18 15:01:20.131000,28.36700057983398,73.1034848699737,-54.74509590396977
2002-03-18 15:01:24.148000,28.93099975585937,76.48143969450055,-52.398911524443136
2002-03-18 15:01:28.165000,27.499000549316403,63.45289815276628,-46.20418061974311
2002-03-18 15:01:32.182000,19.874999999999996,51.98926069725875,-27.14309449304197
2002-03-18 15:01:36.199000,9.897000312805174,76.46096073811833,-30.92005221046036
2002-03-18 15:01:40.216000,-8.116000175476072,89.02390057178597,-7.431982650467923
2002-03-18 15:01:44.234000,-9.326000213623045,90.46839375449183,-18.411246323126228
2002-03-18 15:01:48.251000,-24.929000854492184,81.8215107650628,-15.215188429322666
2002-03-18 15:01:52.268000,-18.096000671386715,107.04789992253002,2.8290219365863756
2002-03-18 15:01:56.285000,-10.44200038909912,107.65357539268558,-3.8356429413833233
2002-03-18 15:02:00.302000,-12.847999572753904,107.30167921479091,-10.865665476980826
2002-03-18 15:02:04.319000,-7.576000213623046,98.93090577839449,6.982395389301324
2002-03-18 15:02:08.337000,-32.9900016784668,101.11170167927033,22.576149839193786
2002-03-18 15:02:12.354000,-73.9020004272461,81.11779192067088,61.49193379780941
2002-03-18 15:02:16.371000,-40.483001708984375,107.54952437459505,20.04517565348168
2002-03-18 15:02:20.388000,-26.117000579833984,93.2030543116882,32.859028157682516
2002-03-18 15:02:24.405000,-44.53200149536133,64.34243631268046,38.15370993114631
2002-03-18 15:02:28.423000,-25.764999389648438,66.55089907360755,12.04308689717433
2002-03-18 15:02:32.440000,-9.522000312805176,84.9026326314321,-15.573857250911377
2002-03-18 15:02:36.457000,2.1349999904632573,82.29051115923029,-20.19030561351585
2002-03-18 15:02:40.474000,8.87600040435791,77.5740251564399,-12.537404433826786
2002-03-18 15:02:44.491000,-1.5620000362396238,51.90369966995417,-3.267977205709281
2002-03-18 15:02:48.508000,-23.277999877929688,62.790221221051475,0.02281552064093262
2002-03-18 15:02:52.526000,-61.6150016784668,53.768470870629606,58.679206945998246
2002-03-18 15:02:56.543000,-63.57099914550781,74.7728208724166,71.87416646089117
2002-03-18 15:03:00.560000,-56.972999572753906,74.775962263307,66.48501147111256
2002-03-18 15:03:04.577000,-70.83300018310547,65.04478294201971,71.1914896500684
2002-03-18 15:03:08.594000,-69.09700012207031,64.61862759567703,69.65871548346396
2002-03-18 15:03:12.612000,-79.98300170898439,47.619478746116826,85.7660309237035
2002-03-18 15:03:16.629000,-64.89199829101564,51.43783575825583,86.48889814154484
2002-03-18 15:03:20.646000,-60.909999847412124,62.52973280513976,76.21606637425064
2002-03-18 15:03:24.663000,-65.75599670410158,63.19934495598697,79.30119197346971
2002-03-18 15:03:28.680000,-71.80200195312501,80.84013765672944,71.46561731312033
2002-03-18 15:03:32.698000,-85.81600189208986,39.42907429364654,92.48616329604107
2002-03-18 15:03:36.715000,-82.95400238037111,41.00636200069889,65.16639810413841
2002-03-18 15:03:40.732000,-27.216999053955085,48.13185388623694,85.3894305472988
2002-03-18 15:03:44.749000,-24.503000259399414,31.071271396192355,73.69964258942606
2002-03-18 15:03:48.766000,-35.24399948120117,17.205092163054722,115.41886191593113
2002-03-18 15:03:52.783000,-34.242000579833984,12.658264056686605,117.2695446135199
2002-03-18 15:03:56.801000,-23.35700035095215,32.23012889732446,89.76668598582184
2002-03-18 15:04:00.818000,-26.93199920654297,31.44145949052241,93.24562656689903
2002-03-18 15:04:04.835000,-22.94700050354004,-0.7694288617605238,68.39090867391796
2002-03-18 15:04:08.852000,-17.576000213623047,-12.528268614278241,55.249252810660934
2002-03-18 15:04:12.869000,-35.819000244140625,-11.509696386940284,92.42929306997304
2002-03-18 15:04:16.886000,-38.45800018310547,-8.858609611392207,88.22496707146182
2002-03-18 15:04:20.904000,-29.042999267578125,-9.815692516756908,60.447105182238396
2002-03-18 15:04:24.921000,-10.626999855041504,-3.9496966004642946,28.20095848550333
2002-03-18 15:04:28.938000,-20.152000427246094,-4.664371779159605,42.4208279315706
2002-03-18 15:04:32.955000,-37.26599884033203,7.878370245296292,72.71364761517437
2002-03-18 15:04:36.972000,-38.70899963378906,10.464741776691534,50.63126803839653
2002-03-18 15:04:40.989000,-46.275001525878906,18.456474572506668,71.90299817278583
2002-03-18 15:04:45.007000,-32.00699996948242,6.055745232890555,58.8074010380962
2002-03-18 15:04:49.024000,-28.952999114990234,5.726287434095898,41.11983114378595
2002-03-18 15:04:53.041000,-48.61899948120117,3.7804081877921547,62.505907638775675
2002-03-18 15:04:57.058000,-56.61800003051758,3.54533326240297,77.71708837235471
2002-03-18 15:05:01.075000,-56.483001708984375,8.592639569901031,77.6216573645549
2002-03-18 15:05:05.093000,-57.04199981689453,4.560045241244325,77.00673988082023
2002-03-18 15:05:09.110000,-58.2140007019043,6.2902191163480055,79.3862131754922
2002-03-18 15:05:13.127000,-56.60200119018555,-0.5607198096783783,80.79581678511501
2002-03-18 15:05:17.144000,-38.97100067138672,6.839936093624059,47.32982587504322
2002-03-18 15:05:21.161000,-38.58399963378907,13.476899748476185,58.022383044869834
2002-03-18 15:05:25.178000,-50.07899856567384,8.383971766678233,75.90335713277062
2002-03-18 15:05:29.196000,-37.97200012207032,3.0401816109782978,55.10132147937746
2002-03-18 15:05:33.213000,-39.19599914550782,-0.20869394237869088,54.05779040878985
2002-03-18 15:05:37.230000,-53.50099945068361,-7.327867418082789,81.1986713049307
2002-03-18 15:05:41.247000,-59.603000640869155,2.1344608756282817,82.37715450620566
2002-03-18 15:05:45.264000,-64.21900177001955,3.323338731755083,79.44216161033806
2002-03-18 15:05:49.282000,-60.55899810791017,-1.263599016585168,74.70463084031054
2002-03-18 15:05:53.299000,-61.79700088500976,-0.5174288466926988,72.22561503928448
2002-03-18 15:05:57.316000,-61.33200073242187,-0.1850217605990494,73.30142158781612
2002-03-18 15:06:01.333000,-67.74400329589842,2.118341974590887,81.69273942344955
2002-03-18 15:06:05.350000,-68.63400268554686,4.486757490061109,79.97285026227647
2002-03-18 15:06:09.368000,-67.13300323486327,7.86825795753419,85.65467351487753
2002-03-18 15:06:13.385000,-61.423999786376946,2.1145402487395337,80.1030396439151
2002-03-18 15:06:17.402000,-41.73199844360351,7.136447328246527,41.02268384655126
2002-03-18 15:06:21.419000,-50.34000015258788,9.424676886282814,62.385389463452974
2002-03-18 15:06:25.436000,-60.37900161743163,7.556911961414404,74.56753918447781
2002-03-18 15:06:29.453000,-61.831001281738274,5.604444798250807,76.02832423193243
2002-03-18 15:06:33.471000,-57.450000762939446,4.784426814585249,75.50313834431876
2002-03-18 15:06:37.488000,-55.395000457763665,-5.168695620613104,76.66570003761196
2002-03-18 15:06:41.505000,-46.945999145507805,-2.8222245981102283,74.06716999656625
2002-03-18 15:06:45.522000,-44.99200057983398,2.7392429992842153,77.1320859221117
2002-03-18 15:06:49.539000,-39.34999847412109,10.083521045667226,66.58846703075794
2002-03-18 15:06:53.556000,-38.61600112915038,7.923491913637953,61.2235028645114
2002-03-18 15:06:57.574000,-38.219001770019524,12.009266325852522,57.990772117835874
2002-03-18 15:07:01.591000,-23.30999946594238,10.824284032590233,40.62369002335507
2002-03-18 15:07:05.608000,-36.956001281738274,14.170455325533476,57.13851704851797
2002-03-18 15:07:09.625000,-55.430000305175774,26.8354847523746,74.94435762339188
2002-03-18 15:07:13.642000,-61.21400070190429,24.59315430823818,68.71709659042051
2002-03-18 15:07:17.660000,-68.4449996948242,33.42853008923065,69.72099481667779
2002-03-18 15:07:21.677000,-65.8470001220703,34.704369313416564,57.39882693668671
2002-03-18 15:07:25.694000,-53.99599838256835,28.103456320290196,47.885156153976546
2002-03-18 15:07:29.711000,-67.75099945068358,44.821713121075696,66.16630230814548
2002-03-18 15:07:33.728000,-64.56700134277342,46.00354824134038,74.9130598272705
2002-03-18 15:07:37.745000,-54.208999633789055,44.74838337391491,84.58579831753612
2002-03-18 15:07:41.763000,-49.80899810791015,37.73240034735188,77.19043980176784
2002-03-18 15:07:45.780000,-51.548999786376946,35.86649094123146,70.32569659175819
2002-03-18 15:07:49.797000,-52.562000274658196,44.450972460802504,84.22952857163757
2002-03-18 15:07:53.814000,-34.320999145507805,27.138541913607607,61.426477130212845
2002-03-18 15:07:57.831000,-9.206000328063963,6.073020360362952,18.854758614371878
2002-03-18 15:08:01.849000,-6.129000186920166,2.7541279565218817,12.728359761904526
2002-03-18 15:08:05.866000,-6.8460001945495605,3.7513694130393818,15.329582898736158
2002-03-18 15:08:09.883000,-23.054000854492188,11.925439920748966,30.502612135373052
2002-03-18 15:08:13.900000,-38.14400100708008,16.24465256770157,45.43452951125202
2002-03-18 15:08:17.917000,-53.08700180053711,35.59544341696443,65.12963747558611
2002-03-18 15:08:21.934000,-52.86399841308594,37.01508168698405,77.67669682009495
2002-03-18 15:08:25.952000,-58.566001892089844,37.28842892951697,83.4547572357297
2002-03-18 15:08:29.969000,-37.757999420166016,23.056591061489154,42.088442785631216
2002-03-18 15:08:33.986000,-23.881000518798828,2.9665482407332684,20.376512210050723
2002-03-18 15:08:38.003000,-49.137001037597656,25.878332550071868,78.85129050209562
2002-03-18 15:08:42.020000,-43.308998107910156,37.356052499669275,67.12242471781062
2002-03-18 15:08:46.038000,-51.26300048828125,31.642989264786888,74.04274743251867
2002-03-18 15:08:50.055000,-59.22200012207031,27.679236094844825,83.82572215234468
2002-03-18 15:08:54.072000,-63.604000091552734,18.85705103806645,88.16504485311808
2002-03-18 15:08:58.089000,-48.948001861572266,19.45846003089771,84.10264618963402
2002-03-18 15:09:02.106000,-52.64799880981445,13.676424831400364,88.34978304315382
2002-03-18 15:09:06.124000,-54.68899917602538,0.440260963302336,100.73126588597376
2002-03-18 15:09:10.141000,-40.66799926757812,-19.167439486191963,97.11486223203809
2002-03-18 15:09:14.158000,-36.647998809814446,-42.1763494080964,89.28084862159811
2002-03-18 15:09:18.175000,-34.17300033569335,-47.70986884870996,87.87967855745232
2002-03-18 15:09:22.192000,-36.068000793457024,-22.316863628143675,90.95172079322856
2002-03-18 15:09:26.209000,-39.63899993896484,-4.202919346079106,76.4484024169367
2002-03-18 15:09:30.227000,-41.381999969482415,26.234064296895646,76.73930298429018
2002-03-18 15:09:34.244000,-40.11800003051757,35.15551357000098,80.52732324584366
2002-03-18 15:09:38.261000,-34.9640007019043,29.86402941599008,57.36200205080324
2002-03-18 15:09:42.278000,-30.298999786376953,15.025497076408547,47.30242733539906
2002-03-18 15:09:46.295000,-35.0880012512207,15.239764745041679,61.20229867175702
2002-03-18 15:09:50.312000,-38.77199935913086,14.132137566026746,65.60949922658784
2002-03-18 15:09:54.330000,-39.707000732421875,11.144786572344923,58.55408983734595
2002-03-18 15:09:58.347000,-42.5260009765625,8.98121686103783,66.26420822025044
2002-03-18 15:10:02.364000,-40.731998443603516,6.190307870700163,55.95126724107679
2002-03-18 15:10:06.381000,-21.54199981689453,0.6772841681454391,29.14787287750313
2002-03-18 15:10:10.398000,-47.7859992980957,27.220996288915117,62.14901336354868
2002-03-18 15:10:14.415000,-52.16699981689453,48.893887638954084,61.214368378387505
2002-03-18 15:10:18.433000,-51.69200134277344,55.321000902678264,53.88098311534614
2002-03-18 15:10:22.450000,-47.237998962402344,54.42970272334189,56.27229763268332
2002-03-18 15:10:26.467000,-36.96500015258789,43.02997556467928,44.06487471995912
2002-03-18 15:10:30.484000,-41.20199966430664,55.44253355052181,61.53248853114615
2002-03-18 15:10:34.501000,-31.233999252319336,45.44632288882558,52.521953338287666
2002-03-18 15:10:38.519000,-47.06700134277344,51.92124824852627,63.01980615826861
2002-03-18 15:10:42.536000,-50.890998840332024,45.401181361599726,71.39085392757978
2002-03-18 15:10:46.553000,-37.28099822998046,40.688982537537704,62.32244348980842
2002-03-18 15:10:50.570000,-25.429000854492184,36.44497544702844,56.97158641794241
2002-03-18 15:10:54.587000,-35.00199890136718,38.05228683999364,59.18761848187654
2002-03-18 15:10:58.604000,-37.70700073242187,44.98935179991287,57.7198604420648
2002-03-18 15:11:02.622000,-46.213001251220696,49.58745511781841,71.70713903515164
2002-03-18 15:11:06.639000,-44.057998657226555,41.00576644897269,65.72204057137373
2002-03-18 15:11:10.656000,-45.38299942016601,34.618087677113536,57.85055838060447
2002-03-18 15:11:14.673000,-45.4739990234375,43.01808108366657,67.76025301497737
2002-03-18 15:11:18.690000,-42.21200180053711,49.05720711565348,58.57469235335201
2002-03-18 15:11:22.708000,-44.821998596191406,53.1411667328498,63.11861879244
2002-03-18 15:11:26.725000,-39.42300033569336,43.27980895631258,48.22196095950261
2002-03-18 15:11:30.742000,-46.06700134277344,48.34772784565402,58.72111596295488
2002-03-18 15:11:34.759000,-41.49800109863281,40.59679384099495,57.46391509807397
2002-03-18 15:11:38.776000,-35.67300033569336,35.89289341422263,46.375834889628855
2002-03-18 15:11:42.793000,-43.04899978637695,53.55581098745674,52.83299214736941
2002-03-18 15:11:46.811000,-42.950000762939446,56.17557159422165,51.34384069923212
2002-03-18 15:11:50.828000,-43.58200073242187,57.44843014813357,47.843404310309715
2002-03-18 15:11:54.845000,-44.75199890136718,62.68892253541629,47.669712184047306
2002-03-18 15:11:58.862000,-43.19200134277343,64.33392299676498,47.995865837373266
2002-03-18 15:12:02.879000,-35.65900039672851,59.168615467490966,41.81567300782452
2002-03-18 15:12:06.897000,-41.92499923706054,64.07758799878184,46.746586585486526
2002-03-18 15:12:10.914000,-43.548999786376946,65.68625624221096,51.404276205320144
2002-03-18 15:12:14.931000,-40.87200164794921,57.62830021999207,51.70989175653389
2002-03-18 15:12:18.948000,-40.26900100708007,46.03732824488457,60.159397308752276
2002-03-18 15:12:22.965000,-50.360000610351555,33.90275318021531,67.69512554599211
2002-03-18 15:12:26.982000,-51.502998352050774,30.476859006126507,59.09018410382171
2002-03-18 15:12:31,-54.923999786376946,38.50337480639337,66.17946639537115
2002-03-18 15:12:35.017000,-46.63800048828124,38.5540458908466,64.76661712872216
2002-03-18 15:12:39.034000,-34.706001281738274,39.017368925202256,52.390681280086234
2002-03-18 15:12:43.051000,-39.48400115966796,55.43578903270001,54.485330582437115
2002-03-18 15:12:47.068000,-33.812000274658196,67.42139995934474,47.48311711100621
2002-03-18 15:12:51.086000,-37.185001373291016,71.27752013054484,42.206144118731586
2002-03-18 15:12:55.103000,-21.520999908447266,46.12912978089091,35.246303404723065
2002-03-18 15:12:59.120000,-24.476999282836914,56.69324243711012,33.96273697530468
2002-03-18 15:13:03.137000,-29.5310001373291,60.71754022656586,31.042549651792847
2002-03-18 15:13:07.154000,-35.340999603271484,67.0849443661856,40.34078660688585
2002-03-18 15:13:11.172000,-38.14099884033203,66.21128582428803,42.468423740008035
2002-03-18 15:13:15.189000,-23.589000701904297,56.58134619399384,32.54152790187024
2002-03-18 15:13:19.206000,-35.32600021362305,73.7108657994866,48.64195881799844
2002-03-18 15:13:23.223000,-27.88199996948242,67.82715764797113,48.39926364566378
2002-03-18 15:13:27.240000,-30.548000335693356,73.13502061462776,50.511033222574454
2002-03-18 15:13:31.257000,-31.12100028991699,68.04826243305314,50.89546746986112
2002-03-18 15:13:35.275000,-35.03400039672851,73.30215388908292,54.5250178910364
2002-03-18 15:13:39.292000,-28.483999252319332,57.59087249714051,37.64690709873695
2002-03-18 15:13:43.309000,-37.77199935913085,71.2545371995357,55.00699631065711
2002-03-18 15:13:47.326000,-38.07600021362304,70.73251703506517,50.825650143507225
2002-03-18 15:13:51.343000,-37.99999999999999,69.70119313103923,52.39683995818292
2002-03-18 15:13:55.361000,-37.560001373291016,72.6674100796495,53.552104362104544
2002-03-18 15:13:59.378000,-32.11000061035156,72.99513156833231,50.84027132702715
2002-03-18 15:14:03.395000,-30.424999237060547,59.75172375508029,44.48598572683127
2002-03-18 15:14:07.412000,-36.44599914550781,72.05607217257048,56.39058497646319
2002-03-18 15:14:11.429000,-31.013999938964844,53.22985249570603,49.02261534946353
2002-03-18 15:14:15.446000,-30.26099967956543,58.143499846960204,55.03859534458569
2002-03-18 15:14:19.464000,-32.84000015258789,66.67468974166076,61.01487526411087
2002-03-18 15:14:23.481000,-37.176998138427734,74.59144102503204,60.220284207058604
2002-03-18 15:14:27.498000,-38.275001525878906,63.15643296956635,63.09352268948686
2002-03-18 15:14:31.515000,-37.09600067138672,46.60832903477559,55.95075426601185
2002-03-18 15:14:35.532000,-35.66400146484375,49.76036825402234,68.18978779317804
2002-03-18 15:14:39.549000,-34.92399978637695,58.655315834448814,62.13484929900267
2002-03-18 15:14:43.567000,-29.698999404907227,64.13412028064187,54.71007516102902
2002-03-18 15:14:47.584000,-26.91200065612793,53.164174729501,47.12426302181967
2002-03-18 15:14:51.601000,-34.895999908447266,57.92157568334633,54.544414767647304
2002-03-18 15:14:55.618000,-32.50400161743164,43.15153394580385,46.39361445252402
2002-03-18 15:14:59.635000,-35.52799987792968,48.173543598854806,64.00679481962831
